Category,Subcategory,Emojis,Description,Tokenized_category_keywords_total,Tokenized_category_keywords_contextual,Tokenized_subcategory_keywords_total,Tokenized_subcategory_keywords_context,rules_below_10,rules_10_13,rules_13_16,rules_16_18,NLP,Vision_AI,Audio,Best_CoreML_Filter_Model,CoreML_Usage_Guidelines_And_Links,GCP_Best_Models,GCP_Model_Links
1. Violence & Disturbing Content,Graphic Violence,"😨,🤢,😟,😐,👍","Distinguish between documentary war footage with educational framing (gate 13+), horror movie clips rated R (gate 16+), and user-generated street violence (block all minors). Medical procedures with blood in clinical educational settings are NOT violence. News coverage of violent events is handled under 'Fear-Based News'. Classification requires: visible blood, severe injury, or bodily harm. Check for narrative framing, educational context markers (news logos, documentary captions, medical diagrams), and whether violence is primary focus or background element.","gore, mutilation, dismemberment, beheading, decapitation, disembowelment, bloodbath, massacre, torture, slaughter, carnage, evisceration, mangling, maiming, lynching","violence, graphic, injury, death, assault, attack, fight, punch, chase, threat, combat, blood, brutal, weapon, shooting, war, crime, disturbing, scary, horror, dark, conflict, aggression, dangerous, harm, victim, casualty, force, hostile","gore, mutilation, dismemberment, decapitation, beheading, impalement, viscera, evisceration, entrails, disembowelment, severed limb, bloodbath, carnage, mangling","blood, brutal, graphic, violence, injury, wound, trauma, bleeding, corpse, dead body, murder, killing, execution, slaughter, fatal, lethal, massacre, brutality, bloodshed, death scene",Block,Block,Block,Gate,"Detect graphic violence with visible blood, gore, detailed injury, torture, death. Distinguish documentary war footage (educational context) from user-generated street violence. Medical procedures in clinical settings are NOT violence. Block all minors <18 for graphic gore, gate 13-16 for documentary violence with educational framing. US-specific: school shootings, gang violence. India-specific: mob violence, communal riots, dowry violence.","Detect blood, open wounds, severe injuries, weapons with blood, torture scenes, dead bodies, decapitation, dismemberment. Look for clinical/documentary context markers: news logos, educational captions, medical diagrams vs raw violence. Identify US contexts: school settings, gang insignia, police shootings. India contexts: mob gatherings, communal violence markers, public lynching. Apply strictest gating for user-generated violence.","Detect screaming, descriptions of graphic violence, gore, torture, sounds of impact, gunshots with injury sounds, victim cries, death sounds. Distinguish clinical medical narration from violence glorification. US audio markers: school PA systems, police sirens. India audio markers: mob chants, communal slogans.",MobileNetV2/YOLO CoreML for violence detection,"Use lightweight object-detection CoreML model; classify 'person+weapon+blood' as high-risk. Add contextual layer for 'news_logo', 'educational_caption', 'documentary_marker' to lower score. Geographic context detection: US school settings, India mob violence patterns. Apply 8-bit quantization using coremltools to keep size <20MB.",GCP Video Intelligence API,https://cloud.google.com/video-intelligence/docs
1. Violence & Disturbing Content,Simulated/Cartoon Violence,"😬,😟,😐,😄,👍","Schoolyard shoving without punches (gate 13+). Bar fights, street fights, parking lot brawls, unsupervised combat (block <13). Choreographed movie fight scenes with stunt coordination (allow 13+). Classification requires: presence of supervision/structure, recreational vs hostile intent, weapon presence. Look for: gym equipment, referee, ring/mat, sports uniforms vs street/parking lot/school hallway with no supervision.",,,"beatdown, mob attack, gang up, sucker punch, curb stomp, jumped, stomping, pummeling","fight, punch, chase, threat, combat, assault, brawl, shove, push, slap, kick, grapple, tackle, altercation, confrontation, scuffle, fistfight, physical conflict, street fight, aggression, hostile, attack",Block,Gate,Gate,Allow,"Classify non-graphic violence: fights, chases, physical conflicts, threats with no detailed gore. Distinguish organized sports (gym, referee present) from street/unsupervised violence. Schoolyard shoving without punches gates at 13+, street fights block <13. US contexts: bodega fights, school hallway fights, road rage. India contexts: mob attacks, public fights, cricket crowd violence.","Detect fights, punches, kicks, weapons shown without blood, police chases, non-gory accidents. Look for context: gym equipment, referee, ring/mat, sports uniforms vs street/parking lot/school hallway with no supervision. US visual markers: school lockers, basketball courts, convenience stores, parking lots. India visual markers: cricket stadiums, street bazaars, public transport fights.","Detect talk of fighting, threats, violent roleplay, aggressive yelling, sounds of physical impact without screaming. Distinguish sports commentary from hostile confrontation. US audio: school bell, police sirens. India audio: cricket crowd noise, bazaar background, Hindi/regional language threats.",MobileNetV2/EfficientNet-lite CoreML for fight/chase/weapon scenes,"Sample 1-3 frames from start and middle of clips; run small MobileNet/EfficientNet-lite CoreML classifier trained on violence datasets. Add context detection for 'gym', 'referee', 'ring', 'mat' to lower risk score vs 'street', 'parking', 'hallway', 'convenience_store', 'bodega', 'bazaar' to increase risk. Geographic context layer for US vs India settings.",GCP Video Intelligence API,https://cloud.google.com/video-intelligence/docs
1. Violence & Disturbing Content,Violent Sports (WWE),"😨,😬,😐,😄,💪","Professional UFC/boxing with blood visible (gate 13+). Amateur gym sparring with protective gear (allow all). WWE entertainment wrestling without blood (allow 10+). Street fight falsely claimed as 'sparring' with no equipment visible (block, reclassify as Physical Altercation). Supervised boxing/MMA in gym settings with visible equipment (gate 10+). Classification requires: referee, ring/mat, arena, scoreboard, or sports commentary. Look for: professional branding, event signage, cage/octagon structure, boxing ring, sports uniforms, protective equipment.",,,(none - organized sports are inherently contextual),"WWE, boxing, MMA, wrestling, fighting, UFC, combat sport, kickboxing, martial arts, sparring, grapple, cage fighting, karate, judo, taekwondo, contact sport, octagon, ring fight, bout, championship, knockout",Block,Gate,Allow,Allow,"Classify organized combat sports: wrestling, boxing, MMA. Must have markers: ring, mat, referee, uniforms, scoreboard, arena, sports commentary. Distinguish from street violence. Professional combat with blood gates at 13+, amateur gym sparring allows all ages. US-specific: UFC, WWE, boxing matches. India-specific: kushti wrestling, MMA events, martial arts competitions.","Detect rings, mats, referees, uniforms, scoreboards, arena seating, cage/octagon structure, boxing ring ropes to recognize organized sports vs street fights. Look for sports branding, event signage, professional lighting, broadcast graphics. US markers: UFC branding, WWE logos, boxing promotions. India markers: kushti akharas, traditional wrestling grounds, MMA promotions.","From commentary and crowd sounds, recognize organized sports environment: referee calls, bell sounds, sports announcer style, crowd cheering in arena vs real assault with panic/screaming. US audio: English sports commentary, referee instructions. India audio: Hindi/English commentary, wrestling traditions, crowd chants.",Sports-vs-street-fight CoreML classifier (MobileNet backbone),"Train or fine-tune tiny MobileNet CoreML model to distinguish 'arena+referee+ring' vs 'street fight'. Use multi-class: 'professional_combat', 'amateur_sparring', 'street_violence'. Add geographic detection for US (UFC, WWE) vs India (kushti, MMA) contexts.",GCP Video Intelligence API,https://cloud.google.com/video-intelligence/docs
1. Violence & Disturbing Content,Horror & Disturbing Media,"😱,😨,🤢,😬,😐","Cartoon horror for kids like Goosebumps (allow 10+). Psychological horror with jump scares and tension (gate 13+). Gore-heavy horror with explicit violence (gate 16+). Paranormal investigation content without gore (gate 13+). Creepypasta text stories with disturbing themes (gate 13+). Classification requires: gore level assessment, jump scare intensity, psychological vs visceral horror type, age-appropriate framing. Distinguish educational paranormal investigation from entertainment horror.",,,"snuff, torture horror, body horror, slasher, serial killer, sleep paralysis demon, demon possession, exorcism","horror, scary, creepy, paranormal, ghost, monster, jumpscare, haunted, supernatural, demon, possessed, evil, dark, disturbing, nightmare, terror, fear, macabre, eerie, zombie, occult, witchcraft, cursed, creepypasta, backrooms, SCP, analog horror",Block,Gate,Gate,Allow,"Classify horror content, paranormal stories, creepypasta, jump scares, and disturbing psychological content. Cartoon horror like Goosebumps allows 10+, psychological horror gates 13+, gore-heavy horror gates 16+. Consider explicit gore vs atmospheric horror. US-specific: slasher films, serial killer content, backrooms, SCP. India-specific: bhoot stories, haunted places, paranormal shows.","Detect horror cues: dark scenes, monsters, ghosts, distorted faces, sudden close-ups, eerie environments, possessed individuals. Distinguish cartoon/kid-friendly horror from visceral/psychological horror. Look for gore vs atmosphere. US markers: slasher aesthetics, serial killer imagery, analog horror. India markers: traditional ghost imagery, haunted temple aesthetics.","Detect scary sound design, screams, whispers, horror narration, paranormal stories, jump scare audio stings, creepy music, heavy breathing, demon voices. Assess intensity level. US audio: English horror narration, slasher sound effects. India audio: Hindi/regional horror stories, traditional ghost sounds, bhoot narratives.",Small image classifier for horror thumbnail detection,"Run compact CoreML thumbnail classifier that detects horror cues jointly with text model's 'horror/jumpscare' score. Multi-class: 'cartoon_horror', 'atmospheric_horror', 'psychological_horror', 'gore_horror'. Geographic layer for US (slasher, serial killer) vs India (bhoot, paranormal) horror types.",GCP Natural Language API,https://cloud.google.com/vision/docs
1. Violence & Disturbing Content,Fear-Based News Content,"😰,😢,😠,😟,😐","Single breaking news report of disaster (allow all with gate 13+ for graphic footage). Repetitive fear-amplifying coverage of same event across multiple videos (gate 13+, flag pattern). Disaster footage with survival/rescue framing (allow 13+). Raw disaster footage without context, looped/repeated (block <13). Classification requires: repetition detection, sensationalized language assessment, survival framing vs raw fear evaluation, graphic imagery presence. Flag if same disaster/attack shown 3+ times in feed.",,,"mass shooter, active shooter, school shooting, terrorist attack, IED, Columbine, Sandy Hook, Parkland, 9/11, 26/11, Mumbai attacks, Uvalde, death toll, mass casualty, war zone, conflict footage","crime, news, police, arrest, shooting, robbery, breaking news, incident, disaster, war, terrorism, tragedy, accident, emergency, crisis, catastrophe, victim, warning, alert, bomb, explosion, fire, flood, earthquake, pandemic, tornado, hurricane",Block,Gate,Gate,Allow,"Classify crime and news reporting (robbery, shootings, arrests, disasters, war, terrorism). Distinguish neutral single-incident reporting (allow with age gate) from repetitive fear-amplifying coverage of same event. Flag pattern: same disaster/attack shown 3+ times in feed (algorithmic escalation). Survival/rescue framing lowers risk; raw trauma footage increases risk. US-specific: school shootings, hurricanes, wildfires, 9/11. India-specific: Mumbai attacks, Pulwama, cyclones, communal violence news.","Detect news studio layouts, lower-third banners, reporters on scene, police cars, crime scenes, disaster wreckage, war zones, emergency vehicles. Distinguish single incident report from repetitive trauma montage. Look for graphic victim imagery vs contextual reporting. US markers: US news networks, American cities. India markers: Indian news channels, Indian cities, regional disaster sites.","From transcripts, detect newsreader style, police briefings, disaster descriptions, casualty counts, fear-amplifying language ('unprecedented', 'worst ever', 'apocalyptic'), survival stories vs raw trauma narration. US audio: American English news, US emergency broadcasts. India audio: Hindi/English news, regional languages, Indian emergency alerts.",Generic MobileNetV2 CoreML scene classifier + text sentiment model,"Use NLP to detect fear-amplification markers: repetition, sensationalized adjectives, extreme language. Vision model detects news UI vs raw disaster footage. Flag if same event detected 3+ times in recent history (behavioral pattern). Geographic context for US (school shootings, hurricanes) vs India (Mumbai attacks, cyclones) events.",GCP Natural Language API,https://cloud.google.com/vision/docs
2. Explicit & Body-Related Content,Explicit Sexual Content,"😳,😟,😕,😐,👍","Artistic nudity in museum/art history context (gate 13+). Breastfeeding content (allow all). Medical genital imagery in health education with clinical framing (gate 13+). Pornography, escort services, cam shows (block all). Sexually explicit hentai/drawn content (block all). Onlyfans promotional content (block all). Classification requires: educational/medical/artistic context check, sexual context assessment, visible genitals detection, sexual acts identification. Medical diagrams in clinical settings are not explicit content.","pornography, XXX, escort, cam show, prostitution, sex work, Pornhub, Onlyfans, sex tape, BDSM, smut, erotica, hentai, genitals, intercourse, penetration, masturbation, orgasm, ejaculation, oral sex, anal sex, dirty talk","explicit, sexual, nudity, adult content, erotic, nude, naked, revealing, suggestive, intimate, sensual, sexy, provocative, seductive, lingerie, bikini, cleavage, anatomy, reproductive, mature, romance, fiction, body, skin, breast, underwear, fertility","pornography, XXX, Pornhub, Onlyfans, sex tape, hentai, rule 34, porn site, cam show, escort service, prostitution, brothel, strip club, sex worker, adult film, smut, BDSM, orgasm, ejaculation, masturbation","porn, sex, nude, naked, explicit, adult, erotic, sexual, intimate, mature, sensual, provocative, seductive, intercourse, genitals, penetration, arousal, desire, passion, lust",Block,Block,Block,Block,"Aggressively detect pornography, explicit sexual content, porn site UIs, escort services, cam shows, sexual acts. Distinguish from artistic nudity in museum/art context (gate 13+), medical genital imagery in health ed (gate 13+), breastfeeding (allow all). Block all explicit sexual acts, visible genitals in sexual context, porn, hentai. US-specific: Onlyfans, Pornhub, escort sites. India-specific: explicit content, red light districts.","Detect nudity, visible genitals, breasts in sexual context, explicit sex acts, simulated sex, porn thumbnails, cam show interfaces, escort ads. Distinguish medical diagrams, classical art, breastfeeding from pornography. Look for porn UI elements: XXX logos, adult site branding, porn categories. US markers: Onlyfans branding, American porn sites. India markers: explicit content patterns.","Detect explicit sexual speech, porn scripts, moaning, dirty talk, sex instructions, orgasm sounds, sexual acts narration. Distinguish medical/educational tone from sexual content. US audio: English porn dialogue. India audio: Hindi/English explicit content, regional languages.",NSFWDetector CoreML nudity model,"Use NSFWDetector (~17kB CoreML model) to score thumbnails and hero images. Add context layer: if nudity=high AND (art_context OR medical_context OR breastfeeding_detected) then lower risk score, else block. Block Onlyfans, Pornhub, escort service patterns.",GCP Vision API,https://cloud.google.com/vision/docs
2. Explicit & Body-Related Content,Suggestive Content,"😳,😬,😕,😐,👍","Swimsuit content at beach/pool in recreational context (allow all). Fashion runway lingerie in professional modeling context (gate 13+). Sexually suggestive posing in lingerie/revealing attire with bedroom/boudoir setting (gate 16+). Twerking/sexually suggestive dance with revealing clothing and sexual framing (gate 16+). Fitness content in sports bra/shorts in gym setting (allow all). Classification requires: context assessment (beach, gym, runway vs bedroom), body positioning analysis, camera angles evaluation, sexualized movement detection. Look for: setting markers, professional vs personal context, neutral framing vs sexual emphasis.",,,"thirst trap, OnlyFans teaser, boudoir, twerking, grinding, sexually suggestive dance, booty shorts, cleavage shot, body-focused content","revealing, suggestive, sexy, provocative, seductive, lingerie, underwear, bikini, cleavage, alluring, sensual, titillating, intimate, sheer, see-through, low-cut, tight-fitting, skimpy, flirtatious, bedroom, swimsuit, crop top, body emphasis",Block,Block,Gate,Gate,"Classify sexually suggestive content: revealing clothing, suggestive posing, sexually suggestive dance. Context matters: beach/pool swimsuits (allow all), gym fitness wear (allow all), fashion runway lingerie (gate 13+), bedroom/boudoir lingerie with suggestive posing (gate 16+). Camera angles and body positioning matter: neutral framing vs sexual emphasis. US-specific: thirst traps, Instagram models, OnlyFans teasers, Victoria's Secret. India-specific: revealing content, suggestive poses.","Detect revealing clothing, lingerie, bikinis, low-cut tops, sheer clothing. Analyze context: beach, pool, gym, runway vs bedroom, boudoir. Assess posing: neutral vs sexually suggestive. Camera angles: full-body neutral vs close-up sexual framing. Look for sexually suggestive movement: twerking, grinding, seductive dance. US markers: Instagram aesthetics, OnlyFans teasers, American influencer style. India markers: suggestive content patterns, revealing attire.","Detect sexually suggestive speech, flirtatious dialogue, sexual innuendo, seduction, double entendres. Audio alone may indicate sexually suggestive content even without visuals. Distinguish casual flirting from explicit sexual talk. US audio: English flirtation, American slang. India audio: Hindi/English innuendo, regional language flirtation.",NSFWDetector CoreML + pose estimation for context,"Use NSFWDetector for clothing/nudity detection. Add pose estimation layer to detect suggestive positioning. Context classifier: beach/pool/gym vs bedroom/boudoir. Camera angle analyzer: neutral vs sexualized framing. Combine signals for risk score. Geographic layer for US (Instagram, OnlyFans) vs India patterns.",GCP Vision API,https://cloud.google.com/vision/docs
2. Explicit & Body-Related Content,Sexual Health Education,"😳,😕,🤔,😐,👍","Clinical anatomy diagrams in medical textbooks (gate 10+). Puberty education videos with age-appropriate language (gate 10+). Contraception/STI education with clinical framing (gate 13+). Sex education with explicit language but educational framing (gate 13+). Classification requires: educational framing markers (classroom, teacher, doctor), clinical language assessment, health/medical context verification, teaching intent evaluation. Must distinguish from pornography or erotica based on context, language, and intent.",,,(none - sexual health education terms are inherently contextual),"sex education, sex ed, reproduction, puberty, contraception, birth control, anatomy, reproductive, STI, STD, menstruation, periods, ovulation, fertility, pregnancy, childbirth, condom, safe sex, consent, Planned Parenthood, prenatal, family planning, health class",Block,Gate,Gate,Gate,"Detect sex education, medical and reproductive health content versus porn or erotica. Required markers: educational framing (classroom, teacher, doctor), clinical language, medical diagrams, health context. Gates: puberty basics (10+), contraception/STI (13+), explicit language in educational context (13+). Distinguish from pornography by context, language, and intent. US-specific: Planned Parenthood, sex ed curriculum. India-specific: reproductive health education, family planning.","Differentiate medical diagrams, classroom slides, clinic illustrations, anatomy charts from pornographic photos. Look for educational markers: text overlays, teacher/doctor presenter, classroom setting, medical clinic, diagrams vs photographs, clinical anatomy vs sexual imagery. US markers: Planned Parenthood materials, American health ed. India markers: family planning materials, reproductive health diagrams.","Detect educational tone: doctors, teachers, health educators explaining puberty, consent, contraception, STI prevention. Clinical language vs sexual language. Teaching cadence vs sexual narration. US audio: American English health education. India audio: Hindi/English health education, regional language sex ed.",Reuse NSFW nudity model with higher threshold + context classifier,Use same NSFW nudity detector as porn but change decision rule: if NSFW=true AND text_context='educational/health/clinical' AND visual_context='classroom/medical/diagram' then classify as 'sex-ed' not 'porn'. Multi-signal approach. US vs India educational context patterns.,GCP Natural Language API,https://cloud.google.com/natural-language/docs
2. Explicit & Body-Related Content,Mature Fictional Content,"😟,😬,🤔,😐,👍","Young adult romance novels with mild sexual content and emotional focus (gate 13+). Erotic fanfiction with explicit sexual content and detailed scenes (gate 16+ or block <16). Romantic roleplay audio with sexual themes and adult scenarios (gate 16+). BDSM/kink educational content with consent focus (gate 16+). Classification requires: explicitness level assessment, fictional vs real content verification, educational vs entertainment intent evaluation, kink/BDSM context check. Fiction context lowers risk vs real sexual content.",,,"smut, erotica, BDSM, bondage, sadism, masochism, fetish, kink, dom, sub, submissive, dominant, slave, explicit fanfic, harem, lemon, lime","fanfiction, fan fiction, romance, romantic fiction, mature, adult fiction, roleplay, Wattpad, AO3, Archive of Our Own, age-restricted, mature themes, adult romance, sexual fantasy, erotic literature, romantic, fiction, story, novel",Block,Block,Gate,Gate,"Classify fanfiction, roleplay, and fictional scenarios with romance, erotic scenes, or BDSM/kink. Young adult romance with mild sexual content gates 13+, explicit erotic content gates 16+. Distinguish educational BDSM content from entertainment. Fiction context lowers risk vs real sexual content. US-specific: AO3, Wattpad, literotica. India-specific: romantic fiction, erotic stories.","For cover art or illustrations, detect suggestive poses, partial nudity, fetish outfits, BDSM imagery, romantic illustrations. Distinguish erotic art from pornography by fictional context and art style. US markers: AO3 aesthetics, Wattpad covers, romance novel art. India markers: romantic fiction art, erotic illustration styles.","Detect audio roleplay, fanfiction readings with explicit sexual dialogue, heavy romantic themes, BDSM scenarios. Assess explicitness level. Distinguish narration (fictional framing) from real sexual acts. US audio: English fanfic readings, ASMR roleplay. India audio: Hindi/English romantic audio, erotic audio stories.",Text-only; no strong CoreML vision model required,"Rely on on-device text classifier (CoreML BERT or similar) for 'erotic vs mild romance' with labels: 'YA_romance', 'explicit_erotica', 'BDSM_educational', 'adult_fiction'. Detect AO3, Wattpad, literotica patterns. US vs India romantic fiction patterns.",GCP Natural Language API,https://cloud.google.com/natural-language/docs
2. Explicit & Body-Related Content,Sexualized Audio Content,"😳,😟,😬,😐,👍","ASMR with eating/tapping sounds and no sexual context (allow all). ASMR with whispering suggestive phrases or sexual undertones (gate 16+). Moaning audio without explicit sex talk but sexual intent (gate 16+). Audio porn with explicit sexual narration and graphic content (block all). Sexual audio roleplay with adult scenarios (gate 16+ or block). Classification requires: moaning detection, sexual phrases identification, coded sexual language analysis, suggestive ASMR assessment, intent to arouse evaluation. Vision-only models miss this entirely.",,,"audio porn, GoneWild Audio, JOI audio, jerk off instruction, phone sex audio, masturbation audio, orgasm sounds, sex sounds, moaning audio, erotic narration, dirty talk audio, sexual roleplay audio, erotic audio","ASMR, whisper, whispering, breathy, intimate, sensual, audio, sounds, voice, moaning, breathing, soothing, tingles, tapping, autonomous sensory, relaxation, sleep sounds, ear sounds, soft spoken",Block,Block,Gate,Gate,"Classify sexualized audio content without explicit visual nudity: moaning, sexual breathing, coded sexual language, suggestive ASMR, erotic narration. Vision-only models miss this entirely. Non-sexual ASMR (eating, tapping) allows all. Suggestive ASMR/moaning gates 16+. Explicit audio porn blocks all. Key: audio intent to arouse even without visual content. US-specific: GoneWild Audio, Reddit erotic audio, ASMR roleplay. India-specific: sexual audio content, intimate audio.","Not applicable - audio-only detection. Vision may show neutral thumbnail while audio is sexual. Do not rely on visuals. Check for: neutral video thumbnails with misleading titles, ASMR video thumbnails that mask sexual audio content.","Detect moaning, sexual breathing, orgasm sounds, dirty talk, sexual phrases, coded sexual language, suggestive whispers, erotic narration, sexual roleplay dialogue. Distinguish neutral ASMR (eating, tapping) from sexually suggestive ASMR. Assess intent to arouse. US audio: English sexual roleplay, GoneWild Audio, JOI content. India audio: Hindi/English sexual audio, intimate audio content.",Audio-only CoreML classifier for sexual audio detection,"Train lightweight audio CoreML classifier with labels: 'neutral_ASMR', 'suggestive_ASMR', 'sexual_moaning', 'audio_porn', 'sexual_roleplay'. Use mel-spectrogram features to detect moaning patterns, breathing rhythms, sexual vocalizations. US vs India audio patterns, English vs Hindi/regional languages.",GCP Speech-to-Text + Audio Classification,https://cloud.google.com/speech-to-text/docs
3. Substances & Risky Behaviors,Drug Use & Promotion,"😟,😕,🤔,😐,👍","Harm reduction education with clinical framing (gate 13+). Documentary on opioid crisis or drug epidemic (gate 13+). Drug use glorification or tutorial content (block <16). Cannabis shown casually in legal states (gate 16+). Hard drug use shown or promoted (block <16). Fentanyl crisis coverage (gate 13+). Classification requires: educational vs promotional intent, harm reduction vs glorification assessment, legal vs illegal substances, tutorial vs documentary distinction. US-specific: opioid epidemic, fentanyl crisis, cannabis legalization. India-specific: substance abuse, drug trafficking.","cocaine, heroin, meth, methamphetamine, fentanyl, oxycodone, Xanax, Percocet, crack, LSD, ecstasy, MDMA, ketamine, PCP, opium, amphetamine, barbiturate, overdose, drug deal, prescription abuse","drugs, marijuana, cannabis, weed, substance, pill, smoking, vaping, injection, narcotics, high, trip, psychedelic, alcohol, beer, wine, liquor, drinking, gambling, betting, casino, stunt, challenge, risky, dangerous, addiction, rehab, sober, recovery","cocaine, heroin, meth, methamphetamine, crystal meth, fentanyl, crack, LSD, MDMA, ecstasy, ketamine, psilocybin, oxycodone, Xanax, Percocet, Adderall, Vicodin, drug deal, syringe, needle, overdose, OD","drugs, marijuana, cannabis, weed, pot, substance, pill, smoking, vaping, narcotics, high, stoned, trip, psychedelic, addiction, harm reduction, dispensary, edibles, drug use, recreational, mushrooms, bong, pipe, drug culture",Block,Block,Gate,Gate,"Classify drug-related content. Harm reduction education and documentaries gate 13+. Casual cannabis use in legal contexts gates 16+. Drug use glorification, tutorials, hard drug use block <16. Distinguish educational harm reduction from promotional content. US-specific: opioid epidemic, fentanyl crisis, cannabis legalization in states, prescription abuse. India-specific: substance abuse, drug trafficking, cannabis laws.","Detect drug paraphernalia (bongs, pipes, syringes, pills, powder), drug use actions (smoking, injecting, snorting), drug culture symbols. Distinguish clinical/educational settings from recreational/promotional contexts. Look for harm reduction messaging vs glorification. US markers: prescription pill bottles, cannabis dispensaries, Narcan. India markers: drug trafficking patterns, substance abuse visuals.","Detect drug names, slang, usage instructions, trip reports, glorification language, harm reduction advice, addiction stories. Distinguish educational tone from promotional/glorification. US audio: American drug slang, opioid crisis discussion, Narcan mentions. India audio: Hindi/English drug references, substance abuse talk, trafficking language.",Drug paraphernalia + context CoreML classifier,"Train CoreML classifier to detect drug items and assess context: clinical/educational vs recreational/promotional. Multi-class: 'harm_reduction_education', 'documentary', 'casual_use', 'glorification', 'tutorial'. US patterns (pills, Narcan, dispensaries) vs India patterns (trafficking, abuse).",GCP Vision API,https://cloud.google.com/vision/docs
3. Substances & Risky Behaviors,Alcohol Content,"😟,😕,🤔,😐,👍","Casual adult drinking at dinner/party (allow 16+). Alcohol education/responsible drinking PSA (gate 13+). Binge drinking, drunk behavior, alcohol challenges (gate 16+). Underage drinking shown or promoted (block <16). DUI/drunk driving content (gate 16+). Classification requires: responsible vs irresponsible use assessment, educational intent evaluation, underage drinking detection, binge/challenge content identification. US-specific: college drinking culture, fraternity parties, 21+ age. India-specific: alcohol laws, drinking culture.",,,"DUI, DWI, drunk driving, binge drinking, alcohol poisoning, drink spiking, roofie, underage drinking, alcoholism, blackout drunk, wasted","alcohol, beer, wine, liquor, vodka, whiskey, rum, tequila, gin, champagne, drinking, drunk, intoxicated, cocktail, bar, pub, nightclub, party, hangover, sober, shot, tipsy, buzzed, keg, brewery, happy hour",Block,Gate,Gate,Allow,"Classify alcohol-related content. Responsible adult drinking gates 16+. Alcohol education gates 13+. Binge drinking, drunk behavior, alcohol challenges gate 16+. Underage drinking blocks <16. Distinguish responsible use from abuse/glorification. US-specific: 21+ age, college drinking culture, frat parties, beer pong, tailgates. India-specific: alcohol laws, drinking culture, regional alcohol policies.","Detect alcohol bottles, glasses, bars, parties, drunk behavior, stumbling, vomiting. Assess context: casual adult setting vs underage party vs binge drinking challenge. Look for responsible drinking markers vs glorification. US markers: college settings, frat houses, beer pong tables, Solo cups, tailgate parties. India markers: alcohol consumption patterns, party settings.","Detect drunk speech, slurring, alcohol talk, drinking game instructions, responsible drinking messages, alcohol challenge narration, intoxication sounds (slurring, stumbling). Assess tone: educational vs glorification. US audio: American college slang, frat culture language, 21+ references. India audio: Hindi/English drinking talk, regional language alcohol references.",Alcohol detection + context CoreML classifier,"Train CoreML classifier to detect alcohol items and assess context: responsible adult use vs underage vs binge drinking. Multi-class: 'responsible_adult', 'educational', 'binge_drinking', 'underage', 'drunk_behavior'. US patterns (frat parties, beer pong) vs India patterns.",GCP Vision API,https://cloud.google.com/vision/docs
3. Substances & Risky Behaviors,Gambling & Financial Risk,"😟,🤑,😕,😐,👍","Stock market investing education with educational framing (allow all). Casino games tutorial without real money (gate 13+). Poker/rummy monetized gambling with real money stakes (gate 16+). Sports betting, slot machines, chance-based gambling (gate 16+). Online gambling sites and apps (gate 16+). Classification requires: educational vs participatory distinction, skill vs chance-based assessment, monetization detection, gambling site identification. US-specific: DraftKings, FanDuel, Vegas, Atlantic City. India-specific: Dream11, online rummy, cricket betting.",,,"match fixing, problem gambling, gambling addiction, loot boxes, gacha, skin gambling, crypto gambling, underage gambling, rigged, fixed match, illegal betting","gambling, casino, betting, poker, rummy, teen patti, slots, slot machine, lottery, wager, sports betting, online gambling, roulette, blackjack, craps, dice, jackpot, winnings, DraftKings, FanDuel, Dream11, horse racing, fantasy sports, parlay, odds, bookmaker",Block,Block,Gate,Allow,"Classify gambling and financial risk content. Stock market education allows all. Casino game tutorials gate 13+. Monetized gambling (poker, rummy, sports betting, slots, crypto) gates 16+. Distinguish educational investing from chance-based gambling. US-specific: DraftKings, FanDuel, Vegas, Atlantic City casinos, daily fantasy sports. India-specific: Dream11, online rummy, teen patti, cricket betting, IPL gambling.","Detect casino environments, slot machines, poker tables, betting apps, gambling sites, dice, cards, chips, roulette wheels. Distinguish educational context from participatory gambling. Look for monetization markers: real money, betting apps, gambling site UIs. US markers: DraftKings, FanDuel logos, Vegas casinos, American sports betting. India markers: Dream11, rummy sites, cricket betting, IPL references.","Detect gambling talk, betting language, odds discussion, winnings talk, gambling addiction stories, casino commentary, betting instructions. Distinguish investing education from gambling content. US audio: American gambling slang, sports betting talk, Vegas references. India audio: Hindi/English gambling terms, cricket betting, rummy discussion, Dream11 mentions.",Gambling content + context CoreML classifier,"Train CoreML classifier to detect gambling visuals and assess context: educational vs participatory, skill vs chance-based, monetized vs non-monetized. Multi-class: 'investing_education', 'game_tutorial', 'monetized_gambling', 'chance_gambling'. US patterns (DraftKings, FanDuel, Vegas) vs India patterns (Dream11, rummy, cricket betting).",GCP Vision API,https://cloud.google.com/vision/docs
3. Substances & Risky Behaviors,Dangerous Challenges & Stunts,"😨,😟,🤔,😐,😄","Professional stunts with safety gear and supervision (gate 13+). Parkour/skateboarding without extreme risk (gate 10+). Viral dangerous challenges like Tide Pod, choking game, Benadryl challenge (block <16). Extreme stunts without safety gear (gate 16+). Classification requires: safety equipment check, professional vs amateur assessment, copyable risk for kids evaluation, risk level determination. US-specific: TikTok challenges, YouTube pranks, extreme sports. India-specific: viral challenges, dangerous stunts.",,,"Tide Pod challenge, fire challenge, hot water challenge, choking game, blackout challenge, passout challenge, Benadryl challenge, NyQuil chicken, salt and ice challenge, cinnamon challenge, ghost pepper challenge, Carolina reaper challenge, life-threatening stunt","challenge, stunt, dare, prank, dangerous, risky, extreme, parkour, skateboarding, BMX, base jumping, cliff diving, cliff jumping, rooftopping, daredevil, risk-taking, viral challenge, TikTok challenge, copycat, thrill-seeking, reckless, unsafe, prank gone wrong",Block,Block,Gate,Gate,"Classify dangerous physical challenges and stunts. Professional stunts with safety gear gate 13+. Parkour/skateboarding without extreme risk gate 10+. Viral dangerous challenges (Tide Pod, choking game, Benadryl challenge, hot water challenge) block <16. Extreme stunts without safety gear gate 16+. Assess copyability risk for young audiences. US-specific: TikTok challenges, YouTube pranks, Tide Pod, Benadryl challenge. India-specific: viral challenges, dangerous stunts, train surfing.","Detect dangerous actions, extreme sports, stunts, parkour, challenges without safety equipment. Look for professional context: safety gear, supervision, controlled environment vs amateur/home setting. Identify viral challenge markers: specific challenge names, copycat behavior. US markers: TikTok UI, YouTube thumbnails, American challenge trends. India markers: viral challenge patterns, dangerous stunt settings.","Detect challenge instructions, dare language, stunt narration, injury sounds, risk acknowledgment, safety warnings. Distinguish professional commentary from amateur risk-taking glorification. US audio: American English challenge instructions, TikTok audio, YouTube commentary. India audio: Hindi/English challenge talk, viral stunt narration.",Action recognition + risk assessment CoreML model,"Train CoreML action recognition model to detect dangerous actions and assess risk level based on context: professional/safety gear vs amateur/no safety. Multi-class: 'professional_stunt', 'parkour', 'viral_danger_challenge', 'extreme_no_safety'. US patterns (TikTok, YouTube challenges) vs India patterns.",GCP Video Intelligence API,https://cloud.google.com/video-intelligence/docs
4. Commercial & Deceptive Content,Scams & Fraud,"😟,😕,🤔,😐,👍","Business opportunity discussion with transparent terms (allow all). Get rich quick schemes, pyramid schemes, MLM recruitment (gate 13+). Obvious scams, phishing, fake giveaways, Nigerian prince scams (block <13, gate 13-16). Financial literacy education about scams and fraud prevention (allow all). Classification requires: educational warning vs promotion assessment, too-good-to-be-true claims detection, urgency/pressure tactics identification, scam pattern recognition. US-specific: IRS scams, Social Security scams, Amazon phishing, PayPal fraud. India-specific: UPI scams, Paytm fraud, Aadhaar phishing. Misleading Product Claims. Honest product reviews with balanced perspectives (allow all). Exaggerated marketing claims without evidence (gate 13+). False health claims, miracle cures, pseudoscience products (gate 13+). Fake before/after images, fraudulent testimonials, paid reviews not disclosed (gate 16+). Classification requires: exaggeration vs fraud assessment, health claims verification, fake testimonials detection, verifiable claims check. US-specific: supplement fraud, MLM products, essential oils claims. India-specific: Ayurvedic fraud, fairness cream false claims, weight loss scams.","pyramid scheme, Ponzi, Nigerian prince, phishing, advance fee fraud, romance scam, IRS scam, tech support scam, cryptocurrency scam, deepfake, QAnon, anti-vax, flat earth, election fraud, Aadhaar scam, UPI scam","scam, fraud, fake, MLM, get rich quick, misleading, clickbait, manipulation, propaganda, conspiracy, misinformation, disinformation, autoplay, dark pattern, endless feed, fake news, hoax, false claim, out of context, sponsored, promoted, ad, advertisement, bias, exaggeration","pyramid scheme, Ponzi scheme, Nigerian prince, 419 scam, phishing, advance fee fraud, romance scam, IRS scam, Social Security scam, tech support scam, identity theft, credit card fraud, wire fraud, bank fraud, SIM swap, pump and dump, rug pull, catfish, smishing, vishing, snake oil, miracle cure, cure-all, supplement fraud, pseudoscience product, counterfeit product, beauty scam, alternative medicine scam, homeopathy fraud, Ayurvedic fraud, fat burner scam, protein powder scam","scam, fraud, fake, MLM, multi-level marketing, get rich quick, money making scheme, investment, cryptocurrency, giveaway, lottery, sweepstakes, offer, deal, too good to be true, business opportunity, network marketing, scheme, con, fake product, misleading claim, false advertising, exaggeration, false claim, weight loss, health claim, MLM product, essential oils, detox, cleanse, anti-aging, skin lightening, natural remedy, herbal, dietary supplement, endorsed, testimonial, before and after, transformation",Block,Gate,Gate,Allow,"Classify scams, fraud, phishing, and deceptive schemes. Financial literacy education about scams allows all. Business opportunities discussion allows all. Get rich quick schemes, pyramid schemes gate 13+. Obvious scams, phishing, fake giveaways block <13. Look for urgency tactics, too-good-to-be-true claims, pressure to act fast. US-specific: IRS scams, Social Security fraud, Amazon phishing, PayPal scams. India-specific: UPI scams, Paytm fraud, Aadhaar phishing, fake KYC, OTP scams.","Detect scam visual markers: fake logos, urgency graphics ('Act Now!', 'Limited Time!'), fake checks, wire transfer forms, pyramid diagrams, cryptocurrency wallet addresses, fake giveaway graphics, phishing site UIs, MLM recruitment materials. US markers: IRS logos, Social Security cards, Amazon branding, PayPal interface. India markers: UPI QR codes, Paytm screenshots, Aadhaar cards, fake KYC forms.","Detect scam language: urgency ('act now', 'limited time'), too-good-to-be-true claims ('make $10k/day'), fake authority ('IRS calling'), pressure tactics, romance scam dialogue, tech support scam scripts, phishing instructions. US audio: American English scam calls, IRS impersonation, tech support accent. India audio: Hindi/English scam calls, fake bank representatives, OTP requests, KYC verification calls.",Text-based scam detection CoreML classifier,"Train CoreML text classifier to detect scam language patterns: urgency, exaggerated claims, fake authority, pressure tactics. Multi-class: 'educational_warning', 'business_opportunity', 'pyramid_scheme', 'obvious_scam'. US patterns (IRS, Social Security, Amazon) vs India patterns (UPI, Paytm, Aadhaar, KYC).",GCP Natural Language API,https://cloud.google.com/natural-language/docs
4. Commercial & Deceptive Content,Dark Patterns & Attention Manipulation,"😤,😵‍💫,😕,😐,👍","Normal video recommendations with user control (allow all). Autoplay with skip option and user autonomy (allow all). Autoplay without skip button, infinite scroll without stop, countdown timers creating pressure, 'don't skip' messaging (gate 13+, flag pattern). Manipulative UI designed to prevent user exit or decision autonomy (gate 13+). Classification requires: autoplay chains detection, infinite scroll assessment, countdown pressure identification, 'don't skip' messaging recognition, user autonomy evaluation. Flag pattern: rapid autoplay chains, extended infinite scroll sessions.",,,"attention hacking, manipulative UI, engagement hacking, compulsion mechanism, dopamine loop, algorithmic hooking, addictive design, dark pattern, friction-free consumption, variable reward","autoplay, auto-play, auto-next, infinite scroll, endless scroll, endless feed, countdown, binge watching, next episode, keep watching, recommended, For You Page, FYP, algorithm, feed, content loop, watch time, notification, push alert, streak",Block,Gate,Gate,Allow,"Classify dark patterns and attention manipulation tactics. Normal recommendations allow all. Autoplay with skip option allows all. Autoplay without skip, infinite scroll, countdown timers, 'don't skip' pressure gate 13+. Manipulative UI preventing exit gates 13+. Flag pattern: rapid autoplay chains, extended infinite scroll sessions. US-specific: TikTok For You Page, YouTube autoplay, Netflix binge, Snapchat streaks. India-specific: social media infinite scroll, short video apps.","Detect UI elements: autoplay indicators, infinite scroll feeds, countdown timers, 'don't skip' overlays, 'keep watching' prompts, next episode countdowns, endless content streams. Distinguish user-controlled vs forced engagement mechanics. US markers: TikTok UI, YouTube autoplay button, Netflix countdown, Instagram Reels scroll. India markers: short video apps UI, social media scroll patterns.","Detect urgency language: 'don't skip', 'don't miss', 'limited time', 'watch now', 'keep watching', 'you won't believe', 'wait till the end', countdown audio cues, binge-watching encouragement, manipulative narration designed to prevent user from leaving. US audio: American English urgency messaging, YouTube creator hooks. India audio: Hindi/English urgency language, social media audio hooks.",UI pattern detection CoreML classifier,"Train CoreML vision model to detect dark pattern UI elements: autoplay buttons, countdown overlays, infinite scroll indicators, 'don't skip' messages, exit-preventing UI. Behavioral pattern: flag if user experiences 3+ autoplay chains or 10+ minute infinite scroll session. US patterns (TikTok, YouTube, Netflix) vs India patterns.",GCP Vision API for UI element detection,https://cloud.google.com/vision/docs
4. Commercial & Deceptive Content,Misinformation & Fake News,"😠,😕,🤔,😐,👍","Satire/parody with clear labeling and comedic framing (allow all). Opinion pieces with clear opinion markers (allow all). Misleading headlines with accurate body text (gate 13+). Deliberate misinformation, fake news, conspiracy theories without fact-check labels (gate 16+). Classification requires: satire labeling check, opinion vs fact distinction, verifiable claims assessment, sources cited verification, conspiracy framing detection, fact-check label presence. US-specific: election misinformation, COVID misinformation, school shooting denial. India-specific: communal misinformation, fake news on WhatsApp, election fraud claims.",,,"deepfake, QAnon, Pizzagate, Infowars, Alex Jones, COVID hoax, 5G conspiracy, flat earth, chemtrails, crisis actor, false flag, fake moon landing, anti-vax, rigged election, election stolen, voter fraud","fake news, misinformation, disinformation, false claim, debunked, fact check, conspiracy theory, hoax, propaganda, manipulated media, doctored, edited, out of context, misleading, clickbait, rumors, unverified, satire, parody, fabricated, false narrative",Block,Gate,Gate,Allow,"Classify misinformation, fake news, conspiracy theories. Satire/parody clearly labeled allows all. Opinion pieces allow all. Misleading headlines with accurate body gate 13+. Deliberate misinformation, fake news, conspiracy theories gate 16+. Check for: sources cited, verifiable claims, fact-check labels, satire disclaimers. US-specific: election fraud claims, COVID misinformation, QAnon, school shooting denial. India-specific: communal fake news, WhatsApp forwards, election misinformation, lynching rumors.","Detect fake news visual markers: sensationalized graphics, misleading thumbnails, doctored images, deepfake indicators, conspiracy theory symbols, propaganda imagery, out-of-context visuals. Look for fact-check overlays or satire labels. US markers: American political imagery, COVID graphics, QAnon symbols. India markers: WhatsApp forward aesthetics, communal imagery, political party symbols, fake election graphics.","Detect misinformation language: false claims, conspiracy narratives, unverified rumors, exaggerated statements, lack of sources, opinion stated as fact, pseudoscience terminology. Distinguish satire/parody tone from deliberate misinformation. US audio: American English conspiracy talk, QAnon language, election fraud claims. India audio: Hindi/English misinformation, communal rumors, WhatsApp forward narration, fake news patterns.",Fake news detection CoreML text classifier,"Train CoreML text classifier for fake news detection with labels: 'satire', 'opinion', 'misleading_headline', 'deliberate_misinformation'. Check for: sources, verifiability, fact-check mentions, satire markers. US patterns (election fraud, COVID, QAnon) vs India patterns (communal, WhatsApp, election).",GCP Natural Language API,https://cloud.google.com/natural-language/docs
5. Media & Platform-Native Risks,Short-Form Addiction Mechanics,"😵‍💫,😤,😬,😐,👍","YouTube Shorts with sub-10s videos (gate 10+, flag pattern if 5+ in row). TikTok/Reels/Shorts with sub-10s loop cycles (gate 10+, flag pattern). Normal YouTube videos over 10 seconds (allow all). Long-form content (allow all). Classification requires: video length detection (<10s), loop/replay identification, autoplay chain assessment, rapid succession of short content measurement. Flag behavioral pattern: user watches 5+ shorts in rapid succession (under 2 minutes total), or engages in 10+ minute shorts binge session. Focus on dopamine cycling mechanics, not content.","deepfake, voice clone, face swap, AI-generated synthetic media, scrolling addiction, dopamine hit, algorithmic radicalization, filter bubble, echo chamber, rabbit hole, content funnel","TikTok, Reels, Shorts, short-form, vertical video, loop, replay, sub-10s, algorithm, AI content, artificial intelligence, generated, recommendation, For You Page, FYP, viral, trending, autoplay, machine generated, Midjourney, Stable Diffusion, ChatGPT, GPT, generative AI","scrolling addiction, dopamine loop, attention fragmentation, scroll addiction, binge-watching shorts, rapid content consumption, content addiction, endless scroll trap","TikTok, Reels, Instagram Reels, YouTube Shorts, Snapchat Spotlight, short-form video, vertical video, loop, looped, replay, autoplay, sub-10s, For You Page, FYP, viral, trending, snackable content, micro-content, quick hit, rapid succession",Block,Gate,Gate,Allow,"Classify short-form video mechanics designed for rapid dopamine cycling. YouTube Shorts/TikTok/Reels with <10s videos gate 10+. Normal YouTube videos allow all. Flag behavioral pattern: if user watches 5+ shorts in rapid succession (under 2 minutes total), or engages in 10+ minute shorts binge session. Focus on dopamine cycling mechanics, not content. This pairs with parasocial and dark patterns. US-specific: TikTok, YouTube Shorts, Instagram Reels, Snapchat Spotlight. India-specific: TikTok alternatives, short video apps, Reels India.","Detect short-form video format: vertical orientation, <10s duration, loop indicators, autoplay to next short, trending sound overlays, viral video markers, short-form UI elements (swipe up/down navigation). US markers: TikTok UI, Instagram Reels interface, YouTube Shorts feed, Snapchat Spotlight. India markers: short video app interfaces, vertical video patterns, trending audio overlays.","Detect rapid editing, attention-grabbing audio, viral sounds, trending audio, quick cuts, hook language ('wait for it', 'watch till end'), loop-friendly narration designed for replay, binge-encouraging commentary. US audio: American English hooks, TikTok trending sounds, viral audio memes. India audio: Hindi/English viral audio, Bollywood trending sounds, regional language short video audio.",Video duration + format detection CoreML,"Use video metadata to detect <10s duration, vertical format, loop/replay indicators. Behavioral pattern detection: flag if 5+ shorts in rapid succession or 10+ minute binge session. Multi-signal: video length, format, autoplay, behavioral pattern. US patterns (TikTok, Shorts, Reels) vs India patterns.",GCP Video Intelligence API,https://cloud.google.com/video-intelligence/docs
5. Media & Platform-Native Risks,AI-Generated Content,"😕,🤔,😬,😐,👍","AI-generated art with clear labeling (allow all). AI-assisted content with disclosure (allow all). Deepfakes for entertainment with clear labeling (gate 13+). Malicious deepfakes, AI impersonation, political deepfakes (block <16). Unlabeled AI content without disclosure (gate 13+). Classification requires: labeling/disclosure check, entertainment vs malicious intent assessment, deepfake detection, AI impersonation identification. Look for: 'AI-generated', 'deepfake', 'synthetic' disclaimers.",,,"deepfake, deep fake, face swap, face replacement, face morph, voice clone, voice synthesis, voice deepfake, deepfake audio, AI impersonation, fake person, non-existent person, political deepfake, celebrity deepfake","AI, artificial intelligence, synthetic, generated, AI-generated, machine generated, ChatGPT, GPT, Claude, Bard, Gemini, AI content, AI art, AI image, AI video, text-to-image, Midjourney, Stable Diffusion, DALL-E, generative AI, LLM, large language model, AI avatar",Block,Block,Gate,Allow,"Classify AI-generated content (deepfakes, synthetic media, AI-generated text/images/videos). Labeled AI art allows all. AI-assisted with disclosure allows all. Deepfakes for entertainment labeled as such gate 13+. Malicious deepfakes, AI impersonation, political deepfakes block <16. Unlabeled AI content gate 13+. Look for disclosure, labeling, intent (entertainment vs malicious). US-specific: ChatGPT, Midjourney, political deepfakes, celebrity deepfakes. India-specific: AI-generated content, synthetic media, deepfakes.","Detect deepfake indicators: face swap artifacts, synthetic face morphing, AI-generated anatomy anomalies, obvious AI visual artifacts (extra fingers, distorted features), AI art style markers. Check for labeling: 'AI-generated', 'deepfake', 'synthetic' disclaimers. Distinguish labeled entertainment from malicious unlabeled deepfakes. US markers: American political figures, celebrity faces, American AI art styles. India markers: Indian political figures, Bollywood celebrity deepfakes, Indian AI content.","Detect AI-generated speech, synthetic voices, voice cloning, deepfake audio, manipulation indicators. Look for AI voice artifacts: unnatural intonation, robotic quality, voice mismatch. Detect claims of AI content or lack of disclosure. US audio: American English synthetic voices, political figure voice clones, celebrity voice deepfakes. India audio: Hindi/English synthetic voices, Indian political figure voices, Bollywood celebrity voice clones.",Deepfake detection CoreML + text classifier for disclosure,"Use deepfake detection CoreML model to identify synthetic media. Text classifier to detect AI disclosure/labeling. Multi-class: 'labeled_AI_art', 'disclosed_AI_content', 'deepfake_entertainment', 'malicious_deepfake', 'unlabeled_AI'. Combine visual artifacts, audio artifacts, and disclosure signals. US vs India deepfake patterns.",GCP Natural Language API,https://cloud.google.com/natural-language/docs
5. Media & Platform-Native Risks,Algorithmic Escalation Pattern,"😵‍💫,😬,🤔,😐,👍","User researching diverse topics with varied content (allow all). User watching 2-3 videos on same topic without narrowing (allow all). User watching 5+ videos on same topic with content narrowing and escalation (gate 13+, flag pattern). Topic escalation on sensitive subjects like body image, rage content, conspiracy theories (gate 13+, flag high). Classification: This is BEHAVIORAL PATTERN detection, not content analysis. Assess topic progression: is the same topic narrowing fast? Is content getting more extreme? Track across multiple videos, not individual videos. Flag HIGH for sensitive topics.",,,"radicalization, algorithmic radicalization, progressive extremism, content funnel, algorithmic amplification, topic intensification, content deepening, narrowing interest, algorithmic rabbit hole","algorithm, algorithmic, recommendation, recommendation engine, recommended videos, rabbit hole, echo chamber, filter bubble, escalation, narrowing, same topic loop, topic loop, obsession, fixation, repetitive content, suggested, up next, watch more",Block,Gate,Gate,Allow,"BEHAVIORAL PATTERN DETECTION. Classify algorithmic escalation: same topic narrowing fast with content getting more extreme. Not content analysis, but pattern: user watches 5+ videos on same topic with progressive escalation. Gate 13+ for escalation on neutral topics. Flag HIGH for escalation on sensitive topics: body image, rage content, conspiracy theories, self-harm, extremism. Allow diverse research. US-specific: YouTube rabbit holes, TikTok algorithm loops, conspiracy theory escalation. India-specific: communal content escalation, political radicalization patterns.","Track video topics over time. Detect: topic repetition, content narrowing, escalation to more extreme versions of same topic. Not single video analysis—behavioral pattern across feed. Look for progression: 'fitness tips' → 'extreme diet' → 'fasting danger' → 'pro-ana'. Flag if 5+ videos same topic in short time with escalating extremity. US patterns: conspiracy theories, body image, rage content, political extremism. India patterns: communal content, political radicalization, body image.","Analyze topic consistency, language escalation, extremity progression over multiple videos. Detect if user hearing same topic repeatedly with narrowing perspectives and amplifying intensity. Topic keywords repeating with escalating modifiers ('diet' → 'extreme diet' → 'dangerous fasting'). US audio: escalating conspiracy language, rage content intensity. India audio: escalating communal rhetoric, political extremism progression.",Behavioral pattern detection - app level logic,"App-level behavioral tracker: store recent video topics (last 10-20 videos), detect topic repetition (5+ videos same subject), assess content escalation (language intensity, extremity modifiers, narrowing perspective). Flag sensitive topics: body_image, rage, conspiracy, self-harm, extremism, communal_content. Multi-class pattern: 'diverse_research', 'topic_interest', 'escalating_neutral', 'escalating_sensitive'. US vs India escalation patterns.",Not applicable - behavioral pattern across videos,NA
6. Political & Cultural Topics,Identity & Expression,"😊,🤔,😕,😐,😟","LGBTQ+ pride, coming out stories, identity support content (allow all ages). Romantic kissing in shows/movies without sexual acts (gate 10+). Sexual content beyond kissing handled in Explicit Content category. Hate speech against LGBTQ+ handled in Discrimination category. Classification requires: supportive vs hateful intent assessment, educational context check, age-appropriateness evaluation. Distinguish identity support from sexualization or hate speech. US-specific: Pride parades, coming out content, LGBTQ+ rights, marriage equality. India-specific: Section 377, LGBTQ+ India, Pride Month India.","swastika, Nazi, KKK, white supremacist, ISIS, Al Qaeda, jihad, Naxalite, Kashmir militancy, racial slur, suicide method, cutting instructions, self-injury method, hate crime, ethnic cleansing, genocide, supremacy, bigotry","identity, queer, gay, lesbian, trans, transgender, bisexual, non-binary, gender identity, sexual orientation, LGBTQ+, pride, coming out, religion, faith, worship, church, mosque, temple, synagogue, communism, socialist, democracy, capitalism, gun, weapon, firearm, conservative, liberal, mental health, crisis, depression, self-harm, suicide, extremism, discrimination, hate speech, slur, racism, radical, propaganda, militant","conversion therapy, pray the gay away, groomer, gender ideology, anti-LGBTQ, homophobic slur, transphobic slur","LGBTQ+, LGBTQ, LGBT, identity, pride, queer, gay, lesbian, trans, transgender, bisexual, non-binary, coming out, gender identity, sexual orientation, transition, asexual, pansexual, genderfluid, agender, enby, questioning, ally, acceptance, inclusion, rainbow, pride flag, Pride Month",Block,Block,Gate,Allow,"Classify LGBTQ+ identity, support, and expression content. Distinguish: identity/support/education (allow all or gate 10+) vs hate speech (block, see Discrimination) vs fetishization (gate 16+, see Explicit Content). Pride, coming out stories, identity exploration, education about LGBTQ+ topics should be supportive and age-appropriate. Romantic content without sexual acts gates 10+. Separate from explicit sexual content and hate speech. US-specific: Pride parades, marriage equality, coming out content, LGBTQ+ rights. India-specific: Section 377, LGBTQ+ India, Pride Month India, decriminalization.","Detect pride flags, Pride parades, LGBTQ+ symbols, rainbow flags, community events, identity education materials, supportive imagery. Distinguish: supportive content, educational diagrams, Pride celebrations vs fetish scenes, hate imagery, discriminatory visuals. Look for supportive framing vs hateful context. US markers: American Pride parades, marriage equality celebrations, rainbow crosswalks. India markers: Section 377 protests, Indian Pride events, LGBTQ+ India content.","Detect supportive language, identity terms, coming out narratives, acceptance messages, educational explanations. Distinguish: supportive/educational tone vs hate speech (slurs, dehumanizing language, see Discrimination) vs fetishization (sexualizing identity, see Explicit Content). Separate identity discussion from sexual content. US audio: American English LGBTQ+ support, Pride celebration sounds. India audio: Hindi/English LGBTQ+ content, Section 377 discussions, Indian Pride audio.",Text-only CoreML classifier for identity support vs hate,"Use on-device BERT-style CoreML text classifier with labels: 'identity_support', 'education', 'pride_celebration', 'hate_speech', 'fetishization'. Vision optional for symbols/flags. Focus on language tone and framing. US patterns (Pride, marriage equality) vs India patterns (Section 377, decriminalization).",GCP Vision API,https://cloud.google.com/vision/docs
6. Political & Cultural Topics,Self-Harm & Crisis Content,"😢,😰,😟,😐,💪","Mental health support and recovery content with positive framing (allow all). Self-harm awareness and suicide prevention with resources (gate 10+). Self-harm methods and suicide ideation without support framing (block <13). Self-harm glorification and romanticization (block <16). Crisis resources and hotlines (allow all). Classification requires: support/recovery vs methods/glorification assessment, prevention resources check, pro-harm vs anti-harm framing evaluation. Always prioritize crisis resources. US-specific: 988 Suicide Hotline, Crisis Text Line. India-specific: AASRA, Vandrevala Foundation, iCall.",,,"self-mutilation, suicidal ideation, suicidal thoughts, suicide method, how to kill yourself, suicide plan, cutting scars, self-cut, self-harm methods, suicide instructions, overdose risk","self-harm, self injury, suicide, depression, mental health crisis, crisis hotline, crisis support, recovery, counseling, therapy, warning signs, intervention, support group, helpline, trigger warning, suicidal, cutting, overdose, pills, major depression",Block,Block,Block,Gate,"Classify self-harm, suicide ideation, methods, and crisis content. Mental health support and recovery content allow all. Self-harm awareness and suicide prevention gate 10+. Self-harm methods and suicide ideation without support block <13. Self-harm glorification blocks <16. Distinguish support/recovery (positive framing, resources) from methods/glorification (detailed how-to, romanticization). Always prioritize crisis resources. US-specific: 988, Crisis Text Line, National Suicide Prevention Lifeline. India-specific: AASRA, Vandrevala Foundation, iCall, Samaritans Mumbai.","Detect self-harm imagery: cutting scars, self-injury marks, suicide methods visual, weapons in self-harm context, pills, overdose setup. Distinguish support content (recovery stories, awareness campaigns, crisis resources) from glorification (romanticized self-harm, detailed methods, pro-harm imagery). Look for crisis resource overlays, support framing. US markers: 988 graphics, Crisis Text Line branding. India markers: AASRA contact info, Vandrevala Foundation, iCall branding.","Detect self-harm talk, suicide ideation language, methods discussion, crisis language, depression talk. Distinguish support framing (recovery stories, 'you're not alone', crisis resources) from glorification ('beautiful pain', romanticization) or methods (detailed how-to, suicide instructions). Prioritize crisis helpline mentions. US audio: American English crisis support, 988 mentions. India audio: Hindi/English crisis support, AASRA, Vandrevala, iCall mentions.",Text-only CoreML classifier for self-harm support vs glorification,"Use on-device BERT-style CoreML text classifier with labels: 'support_recovery', 'prevention_awareness', 'methods_ideation', 'glorification'. Check for: crisis resources mentions, support framing, recovery language vs methods, romanticization, pro-harm language. US patterns (988, Crisis Text Line) vs India patterns (AASRA, Vandrevala, iCall).",GCP Natural Language API,https://cloud.google.com/natural-language/docs
6. Political & Cultural Topics,Religious Content,"🤔,😕,😊,😐,😟","Comparative religion education with academic framing (allow all). Religious teachings, sermons, devotional practices (allow all). Religious extremism handled in Extremism category. Hate speech toward religion handled in Discrimination category. Classification requires: educational vs extremist assessment, respectful vs hateful evaluation, devotional practice vs recruitment/radicalization distinction. Support multi-faith content. US-specific: Christianity, Judaism, Islam in US, American religious diversity. India-specific: Hinduism, Islam, Sikhism, Christianity, Jainism, Buddhism, religious pluralism India.",,,"cult, cult leader, religious extremism, forced conversion, religious persecution, blasphemy law, honor killing, doomsday cult, religious indoctrination, sectarian violence","religion, religious, faith, prayer, worship, sermon, scripture, holy book, Bible, Quran, Koran, Torah, church, mosque, temple, mandir, synagogue, gurdwara, spirituality, devotional, interfaith, Christianity, Islam, Hinduism, Buddhism, Judaism, Sikhism, theology, God, spiritual",Gate,Allow,Allow,Allow,"Classify religious content: teachings, sermons, scriptures, devotional practice, religious education. Comparative religion education allows all. Devotional and teaching content allows all. Gate 10+ only for content with complex theological discussions. Distinguish: educational/devotional content from extremism (see Extremism) and from hate speech toward religion (see Discrimination). Respectful multi-faith content is positive. US-specific: Christianity, Judaism, Islam in US, American religious diversity. India-specific: Hinduism, Islam, Sikhism, Christianity, Jainism, Buddhism, Zoroastrianism, religious pluralism.","Detect religious symbols, places of worship, rituals, devotional gatherings, scripture texts, religious leaders, ceremonies. Distinguish devotional/educational context from extremist symbols, hate imagery, or radicalization markers. Look for respectful interfaith content vs intolerant framing. US markers: American churches, synagogues, mosques, religious diversity visuals. India markers: Hindu temples, mosques, gurdwaras, churches, religious ceremonies India, multi-faith visuals.","Detect sermons, prayers, religious talks, scripture recitations, faith discussions, theological education. Distinguish respectful teaching tone from extremist rhetoric, hate speech against other religions, or radicalization messaging. Support comparative religion and interfaith respect. US audio: American English sermons, religious services, diverse faith traditions. India audio: Hindi/Sanskrit prayers, Urdu Islamic content, Punjabi Sikh kirtan, multi-language religious content India.",Text-only CoreML classifier for religious content vs extremism,"Use on-device BERT-style CoreML text classifier with labels: 'devotional', 'educational', 'comparative_religion', 'extremism', 'hate_toward_religion'. Focus on tone, respect, educational framing vs radicalization or intolerance. US patterns (Christian, Jewish, Islamic traditions) vs India patterns (Hindu, Muslim, Sikh, Christian, Jain, Buddhist traditions).",GCP Natural Language API,https://cloud.google.com/natural-language/docs
6. Political & Cultural Topics,Political & Ideological Content,"😠,🤔,😕,😐,👍","History education on political systems with academic context (allow all). Political science discussion with educational framing (allow all). Political ideology advocacy and contemporary political content (gate 13+). Extremist political organizing, violent revolution calls, radicalization (see Extremism category). Immigration policy and debate included here. Classification requires: educational vs advocacy distinction, historical vs contemporary assessment, extremist organizing detection. Support diverse political education. US-specific: US political parties, presidential elections, Congress. India-specific: Indian political parties, Lok Sabha, state elections.",,,"fascism, fascist, Nazism, Maoism, Stalinist, authoritarian regime, political persecution, coup d'etat, insurrection, political purge, totalitarianism","communism, communist, socialist, socialism, ideology, ideological, political, politics, political party, revolution, left-wing, right-wing, far-right, far-left, anarchism, anarchist, capitalism, democracy, liberal, conservative, libertarian, Marxism, political science, political philosophy",Block,Gate,Gate,Allow,"Classify political and ideological content including immigration. History education and political science discussion allow all. Political ideology advocacy and contemporary political content gate 13+. Extremist political organizing, violent revolution calls, radicalization (see Extremism). Distinguish neutral historical/academic content from propaganda and extremist recruitment. Support diverse political education. US-specific: Democrat, Republican, Congress, presidential elections, immigration debate. India-specific: BJP, Congress, AAP, Lok Sabha, state elections, immigration to India.","Detect political symbols, party logos, rallies, propaganda posters, militant imagery, political flags, historical political visuals, campaign materials. Distinguish historical education and academic visuals from contemporary propaganda and extremist organizing imagery. Look for educational context vs recruitment framing. US markers: Democrat donkey, Republican elephant, Capitol building, campaign signs. India markers: BJP lotus, Congress hand, party flags, Lok Sabha, Parliament House, campaign rallies.","Detect political ideology language, ideological speeches, political theory discussions, revolution talk, activism language, protest chants, campaign speeches, political debates, immigration policy talk. Distinguish educational tone and historical discussion from extremist rhetoric, violent revolution calls, radicalization, recruitment. Support political education. US audio: American political speeches, campaign rallies, Congressional debates, immigration policy discussions. India audio: Hindi/English political speeches, Lok Sabha debates, party rallies, state election campaigns.",Text-only CoreML classifier for political education vs extremism,"Use on-device BERT-style CoreML text classifier with labels: 'historical_education', 'political_science', 'ideology_advocacy', 'contemporary_politics', 'extremist_organizing'. Focus on: educational framing, historical context, academic tone vs propaganda, recruitment, violence calls. US patterns (US parties, elections) vs India patterns (Indian parties, Lok Sabha, state elections).",GCP Natural Language API,https://cloud.google.com/natural-language/docs
6. Political & Cultural Topics,Discrimination & Hate Speech,"😠,😢,😟,😐,💪","Education about racism and discrimination with learning objectives (allow all). Discussion of slurs in academic context for educational purposes (gate 13+). Use of slurs, hate speech, dehumanization as attack (block <13, gate 13-16). Calls to violence against groups (block <16). Classification requires: educational vs hateful intent assessment, slurs in context vs as attack distinction, dehumanizing language detection, threats identification. US-specific: racial slurs, n-word, anti-Black racism, anti-Semitism, Islamophobia. India-specific: caste slurs, communal hate speech, religious hatred.",,,"n-word, racial slur, ethnic slur, homophobic slur, f-slur, transphobic slur, ableist slur, caste slur, white power, hate crime, ethnic cleansing, genocide, dehumanization","hate speech, slur, racism, racist, discrimination, discriminatory, xenophobia, xenophobic, bigotry, bigot, prejudice, bias, stereotype, intolerance, marginalization, oppression, microaggression, segregation, apartheid, casteism",Block,Block,Gate,Allow,"Classify hate speech, slurs, discrimination, and bigotry. Education about racism and discrimination allows all. Discussion of slurs in academic context gates 13+. Use of slurs, hate speech, dehumanizing language block <13. Calls to violence against groups block <16. Strongly detect: hate speech, slurs, dehumanizing metaphors, supremacist rhetoric, threats. Support education against hate. US-specific: racial slurs, n-word, anti-Black racism, anti-Semitism, Islamophobia, KKK, white supremacy. India-specific: caste slurs, communal hate speech, religious hatred, mob violence, Dalit discrimination.","Detect hate symbols, racist posters, graffiti, slur memes, supremacist imagery, hate group logos, Nazi symbols, swastikas, KKK imagery, Confederate flags. Distinguish educational context (history lessons, anti-hate campaigns) from actual hate content. Look for dehumanizing visuals, threatening imagery. US markers: white supremacist symbols, anti-Black imagery, anti-Semitic symbols, KKK, Confederate flags. India markers: caste hierarchy visuals, communal violence imagery, religious hate symbols, mob lynching.","Detect slurs, hate speech, racist language, homophobic slurs, transphobic slurs, xenophobic rants, dehumanizing language, supremacist rhetoric, threats against groups, calls to violence, hate chants, caste slurs. Distinguish educational discussion from hateful use. Support anti-hate education. US audio: American racial slurs, n-word, anti-Black racism, anti-Semitic language, Islamophobic hate. India audio: Hindi/regional caste slurs, communal hate speech, religious hatred, Dalit discrimination language, mob violence incitement.",Text-only CoreML classifier for hate speech detection,"Use on-device BERT-style CoreML text classifier with robust hate speech detection. Labels: 'educational_about_hate', 'academic_slur_discussion', 'hate_speech', 'slur_use', 'dehumanization', 'threat'. Focus on: intent, context, dehumanizing language, threats. US patterns (racial slurs, n-word, anti-Black, anti-Semitic, Islamophobic) vs India patterns (caste slurs, communal hate, religious hatred, mob violence).",GCP Natural Language API,https://cloud.google.com/natural-language/docs
6. Political & Cultural Topics,Weapons & Firearms,"😨,😟,🤔,😐,👍","Historical weapons education with academic framing (allow all). Firearm safety training with certified instruction (gate 13+). Gun ownership discussion, shooting range content, responsible gun ownership (gate 13+). Weapons tutorials, how-to-build weapons, gun modification guides (gate 16+). Weapon violence handled in Violence category. Weapons in extremism handled in Extremism category. Classification requires: educational/safety vs tutorial/build distinction, historical vs contemporary assessment, responsible ownership vs threat evaluation. US-specific: Second Amendment, gun rights, gun control debate, AR-15, school shootings. India-specific: Arms Act, gun ownership India, firearms regulation.",,,"IED, improvised explosive, bomb making, ghost gun, 3D printed gun, illegal weapon, weapons cache, arms trafficking, automatic weapon, assault rifle, AR-15, AK-47, grenade, rocket launcher, sniper rifle, hollow point, silencer, suppressor","gun, firearm, weapon, explosive, bomb, knife, blade, dagger, ammunition, ammo, rifle, pistol, handgun, revolver, shotgun, shooting range, hunting, military, Second Amendment, gun control, gun safety, self-defense, holster, caliber, bullet",Block,Block,Gate,Allow,"Classify firearms, knives, explosives, weapons content. Historical weapons education allows all. Firearm safety training gates 13+. Gun ownership discussion, shooting range, responsible gun content gate 13+. Weapons tutorials, how-to-build, modification gate 16+. Distinguish: educational safety content from tutorials/threats. Weapon violence → Violence category. Weapons in extremism → Extremism category. US-specific: Second Amendment, gun rights, gun control, NRA, AR-15, school shootings, mass shootings. India-specific: Arms Act, gun ownership regulations, firearms licensing.","Detect guns, rifles, pistols, knives, explosives, weapons, ammunition, shooting ranges, gun safes, firearms training visuals. Distinguish: safety training, responsible ownership, shooting sports vs tutorials, build guides, modifications, threats. Look for educational safety context vs how-to or criminal context. US markers: American gun ranges, Second Amendment imagery, AR-15, gun shows, NRA branding. India markers: shooting sports India, Arms Act discussions, firearms licensing visuals.","Detect weapon talk, firearm discussion, gun ownership, shooting range narration, safety instructions, gun control debate, Second Amendment discussion, weapon tutorials, build instructions, modification guides, threat language, weapon-related violence. Distinguish educational safety from threats or tutorials. US audio: American gun rights talk, Second Amendment references, gun control debate, NRA mentions, school shooting discussions. India audio: Hindi/English Arms Act discussion, gun ownership regulations India, firearms licensing talk.",Text-only CoreML classifier for weapons content,"Use on-device BERT-style CoreML text classifier with labels: 'historical_education', 'safety_training', 'ownership_discussion', 'weapons_tutorial', 'threat'. Focus on: educational safety framing vs how-to build or threat context. US patterns (Second Amendment, gun rights, AR-15, school shootings) vs India patterns (Arms Act, regulations, licensing).",GCP Natural Language API,https://cloud.google.com/natural-language/docs
6. Political & Cultural Topics,Extremism & Radicalization,"😨,😠,😟,😐,👍","Counter-extremism education with deradicalization focus (allow all). Documentary on terrorism with journalistic framing (gate 13+). Extremist propaganda, recruitment, radicalization content (block <13, gate 13-16). Terrorist attack coverage in news handled in Fear-Based News. Classification requires: educational vs propaganda assessment, counter-extremism vs recruitment distinction, news coverage vs glorification evaluation. Support deradicalization. US-specific: domestic terrorism, white supremacist terrorism, far-right extremism, Proud Boys, Oath Keepers. India-specific: Kashmir militancy, Naxalism, communal extremism, terror groups India.",,,"ISIS, ISIL, Islamic State, Al Qaeda, al-Qaeda, Taliban, Boko Haram, white supremacist, neo-Nazi, Proud Boys, Oath Keepers, Naxalite, LTTE, Lashkar-e-Taiba, lone wolf attack, jihadist, terrorist propaganda, radicalization pipeline","extremist, extremism, terrorist, terrorism, terror attack, radical, radicalization, militant, insurgent, recruitment, propaganda, ideology, indoctrination, anti-government, separatist, revolution, underground, counter-terrorism, deradicalization, manifesto",Block,Block,Gate,Gate,"Classify extremist organizations, propaganda, terrorism, and radicalization content. Counter-extremism education allows all. Documentary on terrorism gates 13+. Extremist propaganda and recruitment block <13, gate 13-16. Terrorist attack news coverage → Fear-Based News. Detect: extremist org names, slogans, narratives, recruitment messaging, radicalization. Support counter-extremism education. US-specific: domestic terrorism, white supremacist terrorism, far-right extremism, Proud Boys, Oath Keepers, QAnon, Capitol riot. India-specific: Kashmir militancy, Naxalism, Lashkar-e-Taiba, communal extremism, Hindu/Islamic extremism India, Khalistan.","Detect extremist symbols, flags, logos, militant imagery, terrorist group visuals, propaganda materials, recruitment graphics, radicalization visuals. Distinguish: educational/documentary context from actual propaganda and recruitment. Look for counter-extremism framing vs glorification. US markers: white supremacist symbols, Proud Boys, Oath Keepers, QAnon imagery, Confederate flags, Capitol riot visuals. India markers: Kashmir militancy symbols, Naxalite imagery, extremist org flags India, communal extremism visuals, Khalistan symbols.","Detect extremist org names, terrorist groups, radicalization language, recruitment messaging, propaganda slogans, jihadist rhetoric, violent extremism calls, martyrdom glorification, holy war language, domestic terrorism talk, white supremacist rhetoric. Distinguish: educational discussion and counter-extremism from actual propaganda and recruitment. Support deradicalization content. US audio: American extremist language, white supremacist talk, far-right extremism, domestic terrorism references, Capitol riot discussions. India audio: Hindi/English extremism, Kashmir militancy talk, Naxalite rhetoric, communal extremism language, separatist messaging, terror group names India.",Text-only CoreML classifier for extremism detection,"Use on-device BERT-style CoreML text classifier with labels: 'counter_extremism', 'documentary', 'propaganda', 'recruitment', 'radicalization'. Focus on: educational/documentary framing vs propaganda intent, recruitment language, glorification of violence. US patterns (domestic terrorism, white supremacist, far-right, Proud Boys) vs India patterns (Kashmir militancy, Naxalism, communal extremism, Khalistan).",GCP Natural Language API,https://cloud.google.com/natural-language/docs
7. Well-Being & Mental Health,Self-Diagnosis & Mental Health Misinformation,"😰,😕,🤔,😐,👍","Professional mental health education with credentials and evidence (allow all). Personal mental health journey and recovery stories (gate 10+). Armchair diagnosis, 'signs you have ADHD/autism/trauma' content from non-professionals (gate 13+). Mental health misinformation, cure claims, anti-psychiatry (gate 16+). Classification requires: professional vs armchair distinction, educational vs speculative assessment, evidence-based vs misinformation evaluation. Flag pattern: if user watches 3+ self-diagnosis videos in short time, flag escalation. US-specific: ADHD TikTok, autism diagnosis content, therapy culture. India-specific: mental health stigma, armchair diagnosis India.","pro-ana, pro-mia, armchair diagnosis, thinspiration, thinspo, body dysmorphia glorification, eating disorder glorification, parasocial manipulation, cult of personality, emotional hooks, loyalty test, creator dependency","self-diagnosis, mental health, ADHD, autism, trauma, depression, anxiety, disorder, signs you have, do you have, body image, body positivity, size acceptance, weight loss, eating concerns, influencer, parasocial, stanning, intense fan, diet culture, donation, creator, fan, idol, celebrity","armchair diagnosis, DIY diagnosis, self-diagnose, mental health misinformation, ADHD TikTok diagnosis, autism self-diagnosis, psychopath test, sociopath test, narcissist label, unqualified diagnosis","self-diagnosis, mental health, ADHD, autism, depression, anxiety, disorder, PTSD, OCD, bipolar, BPD, schizophrenia, neurodivergent, attention deficit, ASD, autism spectrum, Asperger, trauma, psychiatric, clinical, signs you have, do you have, personality disorder, narcissist",Block,Gate,Gate,Allow,"Classify self-diagnosis and mental health misinformation content. Professional mental health education allows all. Personal recovery stories gate 10+. Armchair diagnosis, 'signs you have ADHD/autism/trauma' from non-professionals gate 13+. Mental health misinformation, cure claims, anti-psychiatry gate 16+. Parents worry about this heavily. Distinguish professional education from speculative armchair diagnosis. Flag pattern: if user watches 3+ self-diagnosis videos in short time, flag escalation. US-specific: ADHD TikTok, autism diagnosis content, therapy speak, neurodivergent TikTok. India-specific: mental health stigma, armchair diagnosis, self-diagnosis content India.","Detect mental health labels in thumbnails, 'signs you have X' graphics, symptom checklists, diagnostic criteria shown by non-professionals. Distinguish professional mental health content (credentials, educational context) from armchair diagnosis (social media speculation, self-diagnosis content). Look for evidence-based vs speculative framing. US markers: TikTok UI, ADHD content, autism awareness graphics, therapy speak visuals. India markers: mental health content India, self-diagnosis patterns, stigma discussions.","Detect mental health talk, diagnostic labels, 'signs you have', self-diagnosis language, symptom discussions, mental health speculation, therapy speak, trauma dumping. Distinguish professional expertise (psychologist, psychiatrist, licensed therapist credentials) from armchair diagnosis (non-professionals, social media influencers). Flag misinformation, cure claims, anti-psychiatry rhetoric. US audio: American English mental health TikTok, ADHD discussion, autism talk, therapy language. India audio: Hindi/English mental health content, self-diagnosis talk, stigma discussion, armchair diagnosis India.",Text-only CoreML classifier for mental health content credibility,"Use on-device BERT-style CoreML text classifier with labels: 'professional_education', 'personal_recovery', 'armchair_diagnosis', 'mental_health_misinformation'. Check for: professional credentials, evidence-based language, speculative language, cure claims, anti-psychiatry. Behavioral flag: 3+ self-diagnosis videos in short time. US patterns (ADHD TikTok, autism content, therapy speak) vs India patterns (stigma, self-diagnosis).",GCP Natural Language API,https://cloud.google.com/natural-language/docs
7. Well-Being & Mental Health,Body Image & Eating Concerns,"😢,😟,😬,😐,💪","Body positivity, size acceptance, Health at Every Size (allow all). Nutrition and fitness education with evidence-based approach (allow all). Diet culture, appearance pressure, unrealistic body standards (gate 13+). Pro-eating disorder content, thinspo, pro-ana, pro-mia, meanspo (block <16). Classification requires: body positive vs appearance pressure assessment, healthy nutrition vs diet culture distinction, pro-ED vs recovery evaluation. Flag pattern: if user watches 3+ body image pressure or diet culture videos in short time, flag escalation. US-specific: diet culture, fitness influencers, body goals. India-specific: fair skin obsession, body image India, diet culture India.",,,"pro-ana, pro-anorexia, pro-mia, pro-bulimia, thinspiration, thinspo, fitspiration, meanspo, bonespo, anorexia nervosa, bulimia nervosa, purging, crash diet, extreme dieting, orthorexia","body image, body positivity, body positive, body neutral, size acceptance, fat acceptance, HAES, Health at Every Size, eating disorder, ED, diet, dieting, weight loss, calorie counting, calorie restriction, fasting, intermittent fasting, body dysmorphia, binge eating, food restriction, detox, cleanse",Block,Gate,Gate,Allow,"Classify body image and eating concerns content. Body positivity, size acceptance, nutrition education allow all. Diet culture, appearance pressure gate 13+. Pro-eating disorder (pro-ana, pro-mia, thinspo, meanspo) block <16. Distinguish: body positive, nutrition education, ED recovery from diet culture, appearance pressure, pro-ED. Flag pattern: if user watches 3+ body image pressure or diet culture videos in short time, flag escalation. US-specific: diet culture, fitness influencers, body goals, thinspo, fitspo. India-specific: fair skin obsession, skin lightening, fairness cream, colorism, beauty standards India.","Detect body image content: body positive imagery, diverse body types, pro-ED imagery (thinspo, extreme thinness, body checking), diet culture visuals, before/after weight loss, body goals graphics, unrealistic body standards. Distinguish: body positive, size acceptance, healthy nutrition from diet culture, pro-ED, appearance pressure. Look for ED recovery markers vs pro-ED markers. US markers: fitness influencer aesthetics, body goals graphics, diet culture visuals. India markers: fair skin obsession, fairness cream ads, skin lightening before/after, colorism visuals, beauty standards India.","Detect body image talk, eating disorder language, pro-ana/pro-mia, thinspo language, calorie talk, fasting discussion, diet culture, weight loss obsession, body dysmorphia, appearance pressure, body shaming, fat shaming. Distinguish: body positive, nutrition education, ED recovery from diet culture, pro-ED. Flag pro-ED language, extreme restriction, body checking. US audio: American body image talk, diet culture, fitness influencers, weight loss discussion. India audio: Hindi/English fair skin talk, gori skin pressure, fairness cream marketing, dark skin shame, colorism language, beauty standards discussion India.",Text-only CoreML classifier for body image content tone,"Use on-device BERT-style CoreML text classifier with labels: 'body_positive', 'nutrition_education', 'diet_culture', 'pro_ED', 'ED_recovery'. Focus on: body positive language, evidence-based nutrition vs appearance pressure, pro-ED language, extreme restriction. Behavioral flag: 3+ body image pressure videos. US patterns (diet culture, fitness influencers, body goals) vs India patterns (fair skin, skin lightening, colorism).",GCP Natural Language API,https://cloud.google.com/natural-language/docs
7. Well-Being & Mental Health,Parasocial & Manipulative Content,"😕,😬,🤔,😐,👍","Normal celebrity interviews and influencer content (allow all). Content with mild emotional connection and community building (gate 10+). Intense parasocial manipulation, cult-of-personality cultivation, emotional hooks, donation pressure, 'you're my family' language (gate 13+, flag pattern). Classification requires: emotional hooks detection, urgency language identification, donation cues recognition, cult-of-personality signals assessment, 'you're my family' manipulation evaluation, audience as 'community' with intense emotional dependence. Flag pattern: if user watches 3+ videos from same creator with escalating emotional dependency language, flag high. US-specific: YouTube creators, Twitch streamers, Patreon culture. India-specific: YouTube India, influencer culture India.",,,"parasocial manipulation, cult of personality, emotional hooks, loyalty test, creator dependency, personality cult, influencer manipulation, audience manipulation, parasocial exploitation, emotional exploitation, donation pressure, subscriber pressure","parasocial, parasocial relationship, parasocial bond, influencer, fan, stan, stanning, fandom, superfan, fan obsession, creator, idol, celebrity, follow, subscriber, community, donation, gifting, membership, merch, merchandise, loyalty, we're a family, I love you guys",Block,Gate,Gate,Allow,"Classify parasocial and manipulative content. Normal celebrity/influencer content allows all. Mild emotional connection gates 10+. Intense parasocial manipulation, cult-of-personality, emotional hooks, donation pressure, 'you're my family' language gate 13+. Flag pattern: if user watches 3+ videos from same creator with escalating emotional dependency language, flag high. US-specific: YouTube creators, Twitch streamers, Patreon culture, super chat, channel memberships. India-specific: YouTube India, influencer culture India, creator dependency.","Detect influencer content, donation graphics, subscriber goals, Patreon tier graphics, VIP membership graphics, exclusive content markers, 'join the community' visuals, creator close-up (intense eye contact), emotional facial expressions designed to cultivate attachment. Distinguish: normal influencer content from manipulative parasocial cultivation (donation pressure, loyalty tests, emotional dependency language). Look for urgency graphics, limited time offers, insider access pressure. US markers: Patreon branding, Twitch sub badges, YouTube membership icons, super chat graphics. India markers: YouTube India creator content, influencer patterns India, community pressure visuals.","Detect parasocial language: 'you're my family', 'we're a family', 'I love you guys', 'you matter to me', 'you're not alone', 'I'm here for you', 'true fan', 'OG fan', 'day one', 'join the community', 'be part of something', urgency language, donation pressure, subscriber milestone talk, loyalty tests, emotional hooks, 'support the channel', Patreon mentions, Twitch sub hype, YouTube membership push. Distinguish: normal creator-audience rapport from manipulative emotional dependency cultivation. Flag intense emotional language, repeated donation pressure, loyalty tests. US audio: American English creator language, Patreon pitches, Twitch sub hype, super chat encouragement. India audio: Hindi/English creator talk, YouTube India community language, influencer emotional appeals India.",Text-only CoreML classifier for parasocial manipulation,"Use on-device BERT-style CoreML text classifier with labels: 'normal_influencer', 'mild_connection', 'intense_parasocial', 'donation_pressure', 'loyalty_manipulation'. Focus on: emotional hook language, 'family' language, urgency, donation cues, loyalty tests, cult-of-personality signals. Behavioral flag: 3+ videos same creator with escalating emotional dependency, donation pressure. US patterns (YouTube, Twitch, Patreon) vs India patterns (YouTube India, influencer culture).",GCP Natural Language API,https://cloud.google.com/natural-language/docs
,,,,,,,,,,,,,,,,,,
,,,,,,,,,,,,,,,,,,
,,,,,,,,,,,,,,,,,,
,,,,,,,,,,,,,,,,,,
,,,,,,,,,,,,,,,,,,
,,,,,,,,,,,,,,,,,,
,,,,,,,,,,,,,,,,,,
,,,,,,,,,,,,,,,,,,
,,,,,,,,,,,,,,,,,,
,,,,,,,,,,,,,,,,,,
,,,,,,,,,,,,,,,,,,
,,,,,,,,,,,,,,,,,,
,,,,,,,,,,,,,,,,,,
,,,,,,,,,,,,,,,,,,
,,,,,,,,,,,,,,,,,,
,,,,,,,,,,,,,,,,,,
,,,,,,,,,,,,,,,,,,
,,,,,,,,,,,,,,,,,,
,,,,,,,,,,,,,,,,,,
,,,,,,,,,,,,,,,,,,
,,,,,,,,,,,,,,,,,,
,,,,,,,,,,,,,,,,,,
,,,,,,,,,,,,,,,,,,
,,,,,,,,,,,,,,,,,,
,,,,,,,,,,,,,,,,,,
,,,,,,,,,,,,,,,,,,
,,,,,,,,,,,,,,,,,,
,,,,,,,,,,,,,,,,,,
,,,,,,,,,,,,,,,,,,
,,,,,,,,,,,,,,,,,,
,,,,,,,,,,,,,,,,,,
,,,,,,,,,,,,,,,,,,
,,,,,,,,,,,,,,,,,,
,,,,,,,,,,,,,,,,,,
,,,,,,,,,,,,,,,,,,
,,,,,,,,,,,,,,,,,,
,,,,,,,,,,,,,,,,,,
,,,,,,,,,,,,,,,,,,
,,,,,,,,,,,,,,,,,,
,,,,,,,,,,,,,,,,,,
,,,,,,,,,,,,,,,,,,
,,,,,,,,,,,,,,,,,,
,,,,,,,,,,,,,,,,,,
,,,,,,,,,,,,,,,,,,
,,,,,,,,,,,,,,,,,,
,,,,,,,,,,,,,,,,,,
,,,,,,,,,,,,,,,,,,
,,,,,,,,,,,,,,,,,,
,,,,,,,,,,,,,,,,,,
,,,,,,,,,,,,,,,,,,
,,,,,,,,,,,,,,,,,,
,,,,,,,,,,,,,,,,,,
,,,,,,,,,,,,,,,,,,
,,,,,,,,,,,,,,,,,,
,,,,,,,,,,,,,,,,,,
,,,,,,,,,,,,,,,,,,
,,,,,,,,,,,,,,,,,,
,,,,,,,,,,,,,,,,,,
,,,,,,,,,,,,,,,,,,
,,,,,,,,,,,,,,,,,,
,,,,,,,,,,,,,,,,,,
,,,,,,,,,,,,,,,,,,
,,,,,,,,,,,,,,,,,,
,,,,,,,,,,,,,,,,,,
,,,,,,,,,,,,,,,,,,
,,,,,,,,,,,,,,,,,,
,,,,,,,,,,,,,,,,,,
,,,,,,,,,,,,,,,,,,
,,,,,,,,,,,,,,,,,,
,,,,,,,,,,,,,,,,,,
,,,,,,,,,,,,,,,,,,
,,,,,,,,,,,,,,,,,,
,,,,,,,,,,,,,,,,,,
,,,,,,,,,,,,,,,,,,
,,,,,,,,,,,,,,,,,,
,,,,,,,,,,,,,,,,,,
,,,,,,,,,,,,,,,,,,
,,,,,,,,,,,,,,,,,,
,,,,,,,,,,,,,,,,,,
,,,,,,,,,,,,,,,,,,
,,,,,,,,,,,,,,,,,,
,,,,,,,,,,,,,,,,,,
,,,,,,,,,,,,,,,,,,
,,,,,,,,,,,,,,,,,,
,,,,,,,,,,,,,,,,,,
,,,,,,,,,,,,,,,,,,
,,,,,,,,,,,,,,,,,,
,,,,,,,,,,,,,,,,,,
,,,,,,,,,,,,,,,,,,
,,,,,,,,,,,,,,,,,,
,,,,,,,,,,,,,,,,,,
,,,,,,,,,,,,,,,,,,
,,,,,,,,,,,,,,,,,,
,,,,,,,,,,,,,,,,,,
,,,,,,,,,,,,,,,,,,
,,,,,,,,,,,,,,,,,,
,,,,,,,,,,,,,,,,,,
,,,,,,,,,,,,,,,,,,
,,,,,,,,,,,,,,,,,,
,,,,,,,,,,,,,,,,,,
,,,,,,,,,,,,,,,,,,
,,,,,,,,,,,,,,,,,,
,,,,,,,,,,,,,,,,,,
,,,,,,,,,,,,,,,,,,
,,,,,,,,,,,,,,,,,,
,,,,,,,,,,,,,,,,,,
,,,,,,,,,,,,,,,,,,
,,,,,,,,,,,,,,,,,,
,,,,,,,,,,,,,,,,,,
,,,,,,,,,,,,,,,,,,
,,,,,,,,,,,,,,,,,,
,,,,,,,,,,,,,,,,,,
,,,,,,,,,,,,,,,,,,
,,,,,,,,,,,,,,,,,,
,,,,,,,,,,,,,,,,,,
,,,,,,,,,,,,,,,,,,
,,,,,,,,,,,,,,,,,,
,,,,,,,,,,,,,,,,,,
,,,,,,,,,,,,,,,,,,
,,,,,,,,,,,,,,,,,,
,,,,,,,,,,,,,,,,,,
,,,,,,,,,,,,,,,,,,
,,,,,,,,,,,,,,,,,,
,,,,,,,,,,,,,,,,,,
,,,,,,,,,,,,,,,,,,
,,,,,,,,,,,,,,,,,,
,,,,,,,,,,,,,,,,,,
,,,,,,,,,,,,,,,,,,
,,,,,,,,,,,,,,,,,,
,,,,,,,,,,,,,,,,,,
,,,,,,,,,,,,,,,,,,
,,,,,,,,,,,,,,,,,,
,,,,,,,,,,,,,,,,,,
,,,,,,,,,,,,,,,,,,
,,,,,,,,,,,,,,,,,,
,,,,,,,,,,,,,,,,,,
,,,,,,,,,,,,,,,,,,
,,,,,,,,,,,,,,,,,,
,,,,,,,,,,,,,,,,,,
,,,,,,,,,,,,,,,,,,
,,,,,,,,,,,,,,,,,,
,,,,,,,,,,,,,,,,,,
,,,,,,,,,,,,,,,,,,
,,,,,,,,,,,,,,,,,,
,,,,,,,,,,,,,,,,,,
,,,,,,,,,,,,,,,,,,
,,,,,,,,,,,,,,,,,,
,,,,,,,,,,,,,,,,,,
,,,,,,,,,,,,,,,,,,
,,,,,,,,,,,,,,,,,,
,,,,,,,,,,,,,,,,,,
,,,,,,,,,,,,,,,,,,
,,,,,,,,,,,,,,,,,,
,,,,,,,,,,,,,,,,,,
,,,,,,,,,,,,,,,,,,
,,,,,,,,,,,,,,,,,,
,,,,,,,,,,,,,,,,,,
,,,,,,,,,,,,,,,,,,
,,,,,,,,,,,,,,,,,,
,,,,,,,,,,,,,,,,,,
,,,,,,,,,,,,,,,,,,
,,,,,,,,,,,,,,,,,,
,,,,,,,,,,,,,,,,,,
,,,,,,,,,,,,,,,,,,
,,,,,,,,,,,,,,,,,,
,,,,,,,,,,,,,,,,,,
,,,,,,,,,,,,,,,,,,
,,,,,,,,,,,,,,,,,,
,,,,,,,,,,,,,,,,,,
,,,,,,,,,,,,,,,,,,
,,,,,,,,,,,,,,,,,,
,,,,,,,,,,,,,,,,,,
,,,,,,,,,,,,,,,,,,
,,,,,,,,,,,,,,,,,,
,,,,,,,,,,,,,,,,,,
,,,,,,,,,,,,,,,,,,
,,,,,,,,,,,,,,,,,,
,,,,,,,,,,,,,,,,,,
,,,,,,,,,,,,,,,,,,
,,,,,,,,,,,,,,,,,,
,,,,,,,,,,,,,,,,,,
,,,,,,,,,,,,,,,,,,
,,,,,,,,,,,,,,,,,,
,,,,,,,,,,,,,,,,,,
,,,,,,,,,,,,,,,,,,
,,,,,,,,,,,,,,,,,,
,,,,,,,,,,,,,,,,,,
,,,,,,,,,,,,,,,,,,
,,,,,,,,,,,,,,,,,,
,,,,,,,,,,,,,,,,,,
,,,,,,,,,,,,,,,,,,
,,,,,,,,,,,,,,,,,,
,,,,,,,,,,,,,,,,,,
,,,,,,,,,,,,,,,,,,
,,,,,,,,,,,,,,,,,,
,,,,,,,,,,,,,,,,,,
,,,,,,,,,,,,,,,,,,
,,,,,,,,,,,,,,,,,,
,,,,,,,,,,,,,,,,,,
,,,,,,,,,,,,,,,,,,
,,,,,,,,,,,,,,,,,,
,,,,,,,,,,,,,,,,,,
,,,,,,,,,,,,,,,,,,
,,,,,,,,,,,,,,,,,,
,,,,,,,,,,,,,,,,,,
,,,,,,,,,,,,,,,,,,
,,,,,,,,,,,,,,,,,,
,,,,,,,,,,,,,,,,,,
,,,,,,,,,,,,,,,,,,
,,,,,,,,,,,,,,,,,,
,,,,,,,,,,,,,,,,,,
,,,,,,,,,,,,,,,,,,
,,,,,,,,,,,,,,,,,,
,,,,,,,,,,,,,,,,,,
,,,,,,,,,,,,,,,,,,
,,,,,,,,,,,,,,,,,,
,,,,,,,,,,,,,,,,,,
,,,,,,,,,,,,,,,,,,
,,,,,,,,,,,,,,,,,,
,,,,,,,,,,,,,,,,,,
,,,,,,,,,,,,,,,,,,
,,,,,,,,,,,,,,,,,,
,,,,,,,,,,,,,,,,,,
,,,,,,,,,,,,,,,,,,
,,,,,,,,,,,,,,,,,,
,,,,,,,,,,,,,,,,,,
,,,,,,,,,,,,,,,,,,
,,,,,,,,,,,,,,,,,,
,,,,,,,,,,,,,,,,,,
,,,,,,,,,,,,,,,,,,
,,,,,,,,,,,,,,,,,,
,,,,,,,,,,,,,,,,,,
,,,,,,,,,,,,,,,,,,
,,,,,,,,,,,,,,,,,,
,,,,,,,,,,,,,,,,,,
,,,,,,,,,,,,,,,,,,
,,,,,,,,,,,,,,,,,,
,,,,,,,,,,,,,,,,,,
,,,,,,,,,,,,,,,,,,
,,,,,,,,,,,,,,,,,,
,,,,,,,,,,,,,,,,,,
,,,,,,,,,,,,,,,,,,
,,,,,,,,,,,,,,,,,,
,,,,,,,,,,,,,,,,,,
,,,,,,,,,,,,,,,,,,
,,,,,,,,,,,,,,,,,,
,,,,,,,,,,,,,,,,,,
,,,,,,,,,,,,,,,,,,
,,,,,,,,,,,,,,,,,,
,,,,,,,,,,,,,,,,,,
,,,,,,,,,,,,,,,,,,
,,,,,,,,,,,,,,,,,,
,,,,,,,,,,,,,,,,,,
,,,,,,,,,,,,,,,,,,
,,,,,,,,,,,,,,,,,,
,,,,,,,,,,,,,,,,,,
,,,,,,,,,,,,,,,,,,
,,,,,,,,,,,,,,,,,,
,,,,,,,,,,,,,,,,,,
,,,,,,,,,,,,,,,,,,
,,,,,,,,,,,,,,,,,,
,,,,,,,,,,,,,,,,,,
,,,,,,,,,,,,,,,,,,
,,,,,,,,,,,,,,,,,,
,,,,,,,,,,,,,,,,,,
,,,,,,,,,,,,,,,,,,
,,,,,,,,,,,,,,,,,,
,,,,,,,,,,,,,,,,,,
,,,,,,,,,,,,,,,,,,
,,,,,,,,,,,,,,,,,,
,,,,,,,,,,,,,,,,,,
,,,,,,,,,,,,,,,,,,
,,,,,,,,,,,,,,,,,,
,,,,,,,,,,,,,,,,,,
,,,,,,,,,,,,,,,,,,
,,,,,,,,,,,,,,,,,,
,,,,,,,,,,,,,,,,,,
,,,,,,,,,,,,,,,,,,
,,,,,,,,,,,,,,,,,,
,,,,,,,,,,,,,,,,,,
,,,,,,,,,,,,,,,,,,
,,,,,,,,,,,,,,,,,,
,,,,,,,,,,,,,,,,,,
,,,,,,,,,,,,,,,,,,
,,,,,,,,,,,,,,,,,,
,,,,,,,,,,,,,,,,,,
,,,,,,,,,,,,,,,,,,
,,,,,,,,,,,,,,,,,,
,,,,,,,,,,,,,,,,,,
,,,,,,,,,,,,,,,,,,
,,,,,,,,,,,,,,,,,,
,,,,,,,,,,,,,,,,,,
,,,,,,,,,,,,,,,,,,
,,,,,,,,,,,,,,,,,,
,,,,,,,,,,,,,,,,,,
,,,,,,,,,,,,,,,,,,
,,,,,,,,,,,,,,,,,,
,,,,,,,,,,,,,,,,,,
,,,,,,,,,,,,,,,,,,
,,,,,,,,,,,,,,,,,,
,,,,,,,,,,,,,,,,,,
,,,,,,,,,,,,,,,,,,
,,,,,,,,,,,,,,,,,,
,,,,,,,,,,,,,,,,,,
,,,,,,,,,,,,,,,,,,
,,,,,,,,,,,,,,,,,,
,,,,,,,,,,,,,,,,,,
,,,,,,,,,,,,,,,,,,
,,,,,,,,,,,,,,,,,,
,,,,,,,,,,,,,,,,,,
,,,,,,,,,,,,,,,,,,
,,,,,,,,,,,,,,,,,,
,,,,,,,,,,,,,,,,,,
,,,,,,,,,,,,,,,,,,
,,,,,,,,,,,,,,,,,,
,,,,,,,,,,,,,,,,,,
,,,,,,,,,,,,,,,,,,
,,,,,,,,,,,,,,,,,,
,,,,,,,,,,,,,,,,,,
,,,,,,,,,,,,,,,,,,
,,,,,,,,,,,,,,,,,,
,,,,,,,,,,,,,,,,,,
,,,,,,,,,,,,,,,,,,
,,,,,,,,,,,,,,,,,,
,,,,,,,,,,,,,,,,,,
,,,,,,,,,,,,,,,,,,
,,,,,,,,,,,,,,,,,,
,,,,,,,,,,,,,,,,,,
,,,,,,,,,,,,,,,,,,
,,,,,,,,,,,,,,,,,,
,,,,,,,,,,,,,,,,,,
,,,,,,,,,,,,,,,,,,
,,,,,,,,,,,,,,,,,,
,,,,,,,,,,,,,,,,,,
,,,,,,,,,,,,,,,,,,
,,,,,,,,,,,,,,,,,,
,,,,,,,,,,,,,,,,,,
,,,,,,,,,,,,,,,,,,
,,,,,,,,,,,,,,,,,,
,,,,,,,,,,,,,,,,,,
,,,,,,,,,,,,,,,,,,
,,,,,,,,,,,,,,,,,,
,,,,,,,,,,,,,,,,,,
,,,,,,,,,,,,,,,,,,
,,,,,,,,,,,,,,,,,,
,,,,,,,,,,,,,,,,,,
,,,,,,,,,,,,,,,,,,
,,,,,,,,,,,,,,,,,,
,,,,,,,,,,,,,,,,,,
,,,,,,,,,,,,,,,,,,
,,,,,,,,,,,,,,,,,,
,,,,,,,,,,,,,,,,,,
,,,,,,,,,,,,,,,,,,
,,,,,,,,,,,,,,,,,,
,,,,,,,,,,,,,,,,,,
,,,,,,,,,,,,,,,,,,
,,,,,,,,,,,,,,,,,,
,,,,,,,,,,,,,,,,,,
,,,,,,,,,,,,,,,,,,
,,,,,,,,,,,,,,,,,,
,,,,,,,,,,,,,,,,,,
,,,,,,,,,,,,,,,,,,
,,,,,,,,,,,,,,,,,,
,,,,,,,,,,,,,,,,,,
,,,,,,,,,,,,,,,,,,
,,,,,,,,,,,,,,,,,,
,,,,,,,,,,,,,,,,,,
,,,,,,,,,,,,,,,,,,
,,,,,,,,,,,,,,,,,,
,,,,,,,,,,,,,,,,,,
,,,,,,,,,,,,,,,,,,
,,,,,,,,,,,,,,,,,,
,,,,,,,,,,,,,,,,,,
,,,,,,,,,,,,,,,,,,
,,,,,,,,,,,,,,,,,,
,,,,,,,,,,,,,,,,,,
,,,,,,,,,,,,,,,,,,
,,,,,,,,,,,,,,,,,,
,,,,,,,,,,,,,,,,,,
,,,,,,,,,,,,,,,,,,
,,,,,,,,,,,,,,,,,,
,,,,,,,,,,,,,,,,,,
,,,,,,,,,,,,,,,,,,
,,,,,,,,,,,,,,,,,,
,,,,,,,,,,,,,,,,,,
,,,,,,,,,,,,,,,,,,
,,,,,,,,,,,,,,,,,,
,,,,,,,,,,,,,,,,,,
,,,,,,,,,,,,,,,,,,
,,,,,,,,,,,,,,,,,,
,,,,,,,,,,,,,,,,,,
,,,,,,,,,,,,,,,,,,
,,,,,,,,,,,,,,,,,,
,,,,,,,,,,,,,,,,,,
,,,,,,,,,,,,,,,,,,
,,,,,,,,,,,,,,,,,,
,,,,,,,,,,,,,,,,,,
,,,,,,,,,,,,,,,,,,
,,,,,,,,,,,,,,,,,,
,,,,,,,,,,,,,,,,,,
,,,,,,,,,,,,,,,,,,
,,,,,,,,,,,,,,,,,,
,,,,,,,,,,,,,,,,,,
,,,,,,,,,,,,,,,,,,
,,,,,,,,,,,,,,,,,,
,,,,,,,,,,,,,,,,,,
,,,,,,,,,,,,,,,,,,
,,,,,,,,,,,,,,,,,,
,,,,,,,,,,,,,,,,,,
,,,,,,,,,,,,,,,,,,
,,,,,,,,,,,,,,,,,,
,,,,,,,,,,,,,,,,,,
,,,,,,,,,,,,,,,,,,
,,,,,,,,,,,,,,,,,,
,,,,,,,,,,,,,,,,,,
,,,,,,,,,,,,,,,,,,
,,,,,,,,,,,,,,,,,,
,,,,,,,,,,,,,,,,,,
,,,,,,,,,,,,,,,,,,
,,,,,,,,,,,,,,,,,,
,,,,,,,,,,,,,,,,,,
,,,,,,,,,,,,,,,,,,
,,,,,,,,,,,,,,,,,,
,,,,,,,,,,,,,,,,,,
,,,,,,,,,,,,,,,,,,
,,,,,,,,,,,,,,,,,,
,,,,,,,,,,,,,,,,,,
,,,,,,,,,,,,,,,,,,
,,,,,,,,,,,,,,,,,,
,,,,,,,,,,,,,,,,,,
,,,,,,,,,,,,,,,,,,
,,,,,,,,,,,,,,,,,,
,,,,,,,,,,,,,,,,,,
,,,,,,,,,,,,,,,,,,
,,,,,,,,,,,,,,,,,,
,,,,,,,,,,,,,,,,,,
,,,,,,,,,,,,,,,,,,
,,,,,,,,,,,,,,,,,,
,,,,,,,,,,,,,,,,,,
,,,,,,,,,,,,,,,,,,
,,,,,,,,,,,,,,,,,,
,,,,,,,,,,,,,,,,,,
,,,,,,,,,,,,,,,,,,
,,,,,,,,,,,,,,,,,,
,,,,,,,,,,,,,,,,,,
,,,,,,,,,,,,,,,,,,
,,,,,,,,,,,,,,,,,,
,,,,,,,,,,,,,,,,,,
,,,,,,,,,,,,,,,,,,
,,,,,,,,,,,,,,,,,,
,,,,,,,,,,,,,,,,,,
,,,,,,,,,,,,,,,,,,
,,,,,,,,,,,,,,,,,,
,,,,,,,,,,,,,,,,,,
,,,,,,,,,,,,,,,,,,
,,,,,,,,,,,,,,,,,,
,,,,,,,,,,,,,,,,,,
,,,,,,,,,,,,,,,,,,
,,,,,,,,,,,,,,,,,,
,,,,,,,,,,,,,,,,,,
,,,,,,,,,,,,,,,,,,
,,,,,,,,,,,,,,,,,,
,,,,,,,,,,,,,,,,,,
,,,,,,,,,,,,,,,,,,
,,,,,,,,,,,,,,,,,,
,,,,,,,,,,,,,,,,,,
,,,,,,,,,,,,,,,,,,
,,,,,,,,,,,,,,,,,,
,,,,,,,,,,,,,,,,,,
,,,,,,,,,,,,,,,,,,
,,,,,,,,,,,,,,,,,,
,,,,,,,,,,,,,,,,,,
,,,,,,,,,,,,,,,,,,
,,,,,,,,,,,,,,,,,,
,,,,,,,,,,,,,,,,,,
,,,,,,,,,,,,,,,,,,
,,,,,,,,,,,,,,,,,,
,,,,,,,,,,,,,,,,,,
,,,,,,,,,,,,,,,,,,
,,,,,,,,,,,,,,,,,,
,,,,,,,,,,,,,,,,,,
,,,,,,,,,,,,,,,,,,
,,,,,,,,,,,,,,,,,,
,,,,,,,,,,,,,,,,,,
,,,,,,,,,,,,,,,,,,
,,,,,,,,,,,,,,,,,,
,,,,,,,,,,,,,,,,,,
,,,,,,,,,,,,,,,,,,
,,,,,,,,,,,,,,,,,,
,,,,,,,,,,,,,,,,,,
,,,,,,,,,,,,,,,,,,
,,,,,,,,,,,,,,,,,,
,,,,,,,,,,,,,,,,,,
,,,,,,,,,,,,,,,,,,
,,,,,,,,,,,,,,,,,,
,,,,,,,,,,,,,,,,,,
,,,,,,,,,,,,,,,,,,
,,,,,,,,,,,,,,,,,,
,,,,,,,,,,,,,,,,,,
,,,,,,,,,,,,,,,,,,
,,,,,,,,,,,,,,,,,,
,,,,,,,,,,,,,,,,,,
,,,,,,,,,,,,,,,,,,
,,,,,,,,,,,,,,,,,,
,,,,,,,,,,,,,,,,,,
,,,,,,,,,,,,,,,,,,
,,,,,,,,,,,,,,,,,,
,,,,,,,,,,,,,,,,,,
,,,,,,,,,,,,,,,,,,
,,,,,,,,,,,,,,,,,,
,,,,,,,,,,,,,,,,,,
,,,,,,,,,,,,,,,,,,
,,,,,,,,,,,,,,,,,,
,,,,,,,,,,,,,,,,,,
,,,,,,,,,,,,,,,,,,
,,,,,,,,,,,,,,,,,,
,,,,,,,,,,,,,,,,,,
,,,,,,,,,,,,,,,,,,
,,,,,,,,,,,,,,,,,,
,,,,,,,,,,,,,,,,,,
,,,,,,,,,,,,,,,,,,
,,,,,,,,,,,,,,,,,,
,,,,,,,,,,,,,,,,,,
,,,,,,,,,,,,,,,,,,
,,,,,,,,,,,,,,,,,,
,,,,,,,,,,,,,,,,,,
,,,,,,,,,,,,,,,,,,
,,,,,,,,,,,,,,,,,,
,,,,,,,,,,,,,,,,,,
,,,,,,,,,,,,,,,,,,
,,,,,,,,,,,,,,,,,,
,,,,,,,,,,,,,,,,,,
,,,,,,,,,,,,,,,,,,
,,,,,,,,,,,,,,,,,,
,,,,,,,,,,,,,,,,,,
,,,,,,,,,,,,,,,,,,
,,,,,,,,,,,,,,,,,,
,,,,,,,,,,,,,,,,,,
,,,,,,,,,,,,,,,,,,
,,,,,,,,,,,,,,,,,,
,,,,,,,,,,,,,,,,,,
,,,,,,,,,,,,,,,,,,
,,,,,,,,,,,,,,,,,,
,,,,,,,,,,,,,,,,,,
,,,,,,,,,,,,,,,,,,
,,,,,,,,,,,,,,,,,,
,,,,,,,,,,,,,,,,,,
,,,,,,,,,,,,,,,,,,
,,,,,,,,,,,,,,,,,,
,,,,,,,,,,,,,,,,,,
,,,,,,,,,,,,,,,,,,
,,,,,,,,,,,,,,,,,,
,,,,,,,,,,,,,,,,,,
,,,,,,,,,,,,,,,,,,
,,,,,,,,,,,,,,,,,,
,,,,,,,,,,,,,,,,,,
,,,,,,,,,,,,,,,,,,
,,,,,,,,,,,,,,,,,,
,,,,,,,,,,,,,,,,,,
,,,,,,,,,,,,,,,,,,
,,,,,,,,,,,,,,,,,,
,,,,,,,,,,,,,,,,,,
,,,,,,,,,,,,,,,,,,
,,,,,,,,,,,,,,,,,,
,,,,,,,,,,,,,,,,,,
,,,,,,,,,,,,,,,,,,
,,,,,,,,,,,,,,,,,,
,,,,,,,,,,,,,,,,,,
,,,,,,,,,,,,,,,,,,
,,,,,,,,,,,,,,,,,,
,,,,,,,,,,,,,,,,,,
,,,,,,,,,,,,,,,,,,
,,,,,,,,,,,,,,,,,,
,,,,,,,,,,,,,,,,,,
,,,,,,,,,,,,,,,,,,
,,,,,,,,,,,,,,,,,,
,,,,,,,,,,,,,,,,,,
,,,,,,,,,,,,,,,,,,
,,,,,,,,,,,,,,,,,,
,,,,,,,,,,,,,,,,,,
,,,,,,,,,,,,,,,,,,
,,,,,,,,,,,,,,,,,,
,,,,,,,,,,,,,,,,,,
,,,,,,,,,,,,,,,,,,
,,,,,,,,,,,,,,,,,,
,,,,,,,,,,,,,,,,,,
,,,,,,,,,,,,,,,,,,
,,,,,,,,,,,,,,,,,,
,,,,,,,,,,,,,,,,,,
,,,,,,,,,,,,,,,,,,
,,,,,,,,,,,,,,,,,,
,,,,,,,,,,,,,,,,,,
,,,,,,,,,,,,,,,,,,
,,,,,,,,,,,,,,,,,,
,,,,,,,,,,,,,,,,,,
,,,,,,,,,,,,,,,,,,
,,,,,,,,,,,,,,,,,,
,,,,,,,,,,,,,,,,,,
,,,,,,,,,,,,,,,,,,
,,,,,,,,,,,,,,,,,,
,,,,,,,,,,,,,,,,,,
,,,,,,,,,,,,,,,,,,
,,,,,,,,,,,,,,,,,,
,,,,,,,,,,,,,,,,,,
,,,,,,,,,,,,,,,,,,
,,,,,,,,,,,,,,,,,,
,,,,,,,,,,,,,,,,,,
,,,,,,,,,,,,,,,,,,
,,,,,,,,,,,,,,,,,,
,,,,,,,,,,,,,,,,,,
,,,,,,,,,,,,,,,,,,
,,,,,,,,,,,,,,,,,,
,,,,,,,,,,,,,,,,,,
,,,,,,,,,,,,,,,,,,
,,,,,,,,,,,,,,,,,,
,,,,,,,,,,,,,,,,,,
,,,,,,,,,,,,,,,,,,
,,,,,,,,,,,,,,,,,,
,,,,,,,,,,,,,,,,,,
,,,,,,,,,,,,,,,,,,
,,,,,,,,,,,,,,,,,,
,,,,,,,,,,,,,,,,,,
,,,,,,,,,,,,,,,,,,
,,,,,,,,,,,,,,,,,,
,,,,,,,,,,,,,,,,,,
,,,,,,,,,,,,,,,,,,
,,,,,,,,,,,,,,,,,,
,,,,,,,,,,,,,,,,,,
,,,,,,,,,,,,,,,,,,
,,,,,,,,,,,,,,,,,,
,,,,,,,,,,,,,,,,,,
,,,,,,,,,,,,,,,,,,
,,,,,,,,,,,,,,,,,,
,,,,,,,,,,,,,,,,,,
,,,,,,,,,,,,,,,,,,
,,,,,,,,,,,,,,,,,,
,,,,,,,,,,,,,,,,,,
,,,,,,,,,,,,,,,,,,
,,,,,,,,,,,,,,,,,,
,,,,,,,,,,,,,,,,,,
,,,,,,,,,,,,,,,,,,
,,,,,,,,,,,,,,,,,,
,,,,,,,,,,,,,,,,,,
,,,,,,,,,,,,,,,,,,
,,,,,,,,,,,,,,,,,,
,,,,,,,,,,,,,,,,,,
,,,,,,,,,,,,,,,,,,
,,,,,,,,,,,,,,,,,,
,,,,,,,,,,,,,,,,,,
,,,,,,,,,,,,,,,,,,
,,,,,,,,,,,,,,,,,,
,,,,,,,,,,,,,,,,,,
,,,,,,,,,,,,,,,,,,
,,,,,,,,,,,,,,,,,,
,,,,,,,,,,,,,,,,,,
,,,,,,,,,,,,,,,,,,
,,,,,,,,,,,,,,,,,,
,,,,,,,,,,,,,,,,,,
,,,,,,,,,,,,,,,,,,
,,,,,,,,,,,,,,,,,,
,,,,,,,,,,,,,,,,,,
,,,,,,,,,,,,,,,,,,
,,,,,,,,,,,,,,,,,,
,,,,,,,,,,,,,,,,,,
,,,,,,,,,,,,,,,,,,
,,,,,,,,,,,,,,,,,,
,,,,,,,,,,,,,,,,,,
,,,,,,,,,,,,,,,,,,
,,,,,,,,,,,,,,,,,,
,,,,,,,,,,,,,,,,,,
,,,,,,,,,,,,,,,,,,
,,,,,,,,,,,,,,,,,,
,,,,,,,,,,,,,,,,,,
,,,,,,,,,,,,,,,,,,
,,,,,,,,,,,,,,,,,,
,,,,,,,,,,,,,,,,,,
,,,,,,,,,,,,,,,,,,
,,,,,,,,,,,,,,,,,,
,,,,,,,,,,,,,,,,,,
,,,,,,,,,,,,,,,,,,
,,,,,,,,,,,,,,,,,,
,,,,,,,,,,,,,,,,,,
,,,,,,,,,,,,,,,,,,
,,,,,,,,,,,,,,,,,,
,,,,,,,,,,,,,,,,,,
,,,,,,,,,,,,,,,,,,
,,,,,,,,,,,,,,,,,,
,,,,,,,,,,,,,,,,,,
,,,,,,,,,,,,,,,,,,
,,,,,,,,,,,,,,,,,,
,,,,,,,,,,,,,,,,,,
,,,,,,,,,,,,,,,,,,
,,,,,,,,,,,,,,,,,,
,,,,,,,,,,,,,,,,,,
,,,,,,,,,,,,,,,,,,
,,,,,,,,,,,,,,,,,,
,,,,,,,,,,,,,,,,,,
,,,,,,,,,,,,,,,,,,
,,,,,,,,,,,,,,,,,,
,,,,,,,,,,,,,,,,,,
,,,,,,,,,,,,,,,,,,
,,,,,,,,,,,,,,,,,,
,,,,,,,,,,,,,,,,,,
,,,,,,,,,,,,,,,,,,
,,,,,,,,,,,,,,,,,,
,,,,,,,,,,,,,,,,,,
,,,,,,,,,,,,,,,,,,
,,,,,,,,,,,,,,,,,,
,,,,,,,,,,,,,,,,,,
,,,,,,,,,,,,,,,,,,
,,,,,,,,,,,,,,,,,,
,,,,,,,,,,,,,,,,,,
,,,,,,,,,,,,,,,,,,
,,,,,,,,,,,,,,,,,,
,,,,,,,,,,,,,,,,,,
,,,,,,,,,,,,,,,,,,
,,,,,,,,,,,,,,,,,,
,,,,,,,,,,,,,,,,,,
,,,,,,,,,,,,,,,,,,
,,,,,,,,,,,,,,,,,,
,,,,,,,,,,,,,,,,,,
,,,,,,,,,,,,,,,,,,
,,,,,,,,,,,,,,,,,,
,,,,,,,,,,,,,,,,,,
,,,,,,,,,,,,,,,,,,
,,,,,,,,,,,,,,,,,,
,,,,,,,,,,,,,,,,,,
,,,,,,,,,,,,,,,,,,
,,,,,,,,,,,,,,,,,,
,,,,,,,,,,,,,,,,,,
,,,,,,,,,,,,,,,,,,
,,,,,,,,,,,,,,,,,,
,,,,,,,,,,,,,,,,,,
,,,,,,,,,,,,,,,,,,
,,,,,,,,,,,,,,,,,,
,,,,,,,,,,,,,,,,,,
,,,,,,,,,,,,,,,,,,
,,,,,,,,,,,,,,,,,,
,,,,,,,,,,,,,,,,,,
,,,,,,,,,,,,,,,,,,
,,,,,,,,,,,,,,,,,,
,,,,,,,,,,,,,,,,,,
,,,,,,,,,,,,,,,,,,
,,,,,,,,,,,,,,,,,,
,,,,,,,,,,,,,,,,,,
,,,,,,,,,,,,,,,,,,
,,,,,,,,,,,,,,,,,,
,,,,,,,,,,,,,,,,,,
,,,,,,,,,,,,,,,,,,
,,,,,,,,,,,,,,,,,,
,,,,,,,,,,,,,,,,,,
,,,,,,,,,,,,,,,,,,
,,,,,,,,,,,,,,,,,,
,,,,,,,,,,,,,,,,,,
,,,,,,,,,,,,,,,,,,
,,,,,,,,,,,,,,,,,,
,,,,,,,,,,,,,,,,,,
,,,,,,,,,,,,,,,,,,
,,,,,,,,,,,,,,,,,,
,,,,,,,,,,,,,,,,,,
,,,,,,,,,,,,,,,,,,
,,,,,,,,,,,,,,,,,,
,,,,,,,,,,,,,,,,,,
,,,,,,,,,,,,,,,,,,
,,,,,,,,,,,,,,,,,,
,,,,,,,,,,,,,,,,,,
,,,,,,,,,,,,,,,,,,
,,,,,,,,,,,,,,,,,,
,,,,,,,,,,,,,,,,,,
,,,,,,,,,,,,,,,,,,
,,,,,,,,,,,,,,,,,,
,,,,,,,,,,,,,,,,,,
,,,,,,,,,,,,,,,,,,
,,,,,,,,,,,,,,,,,,
,,,,,,,,,,,,,,,,,,
,,,,,,,,,,,,,,,,,,
,,,,,,,,,,,,,,,,,,
,,,,,,,,,,,,,,,,,,
,,,,,,,,,,,,,,,,,,
,,,,,,,,,,,,,,,,,,
,,,,,,,,,,,,,,,,,,
,,,,,,,,,,,,,,,,,,
,,,,,,,,,,,,,,,,,,
,,,,,,,,,,,,,,,,,,
,,,,,,,,,,,,,,,,,,
,,,,,,,,,,,,,,,,,,
,,,,,,,,,,,,,,,,,,
,,,,,,,,,,,,,,,,,,
,,,,,,,,,,,,,,,,,,
,,,,,,,,,,,,,,,,,,
,,,,,,,,,,,,,,,,,,
,,,,,,,,,,,,,,,,,,
,,,,,,,,,,,,,,,,,,
,,,,,,,,,,,,,,,,,,
,,,,,,,,,,,,,,,,,,
,,,,,,,,,,,,,,,,,,
,,,,,,,,,,,,,,,,,,
,,,,,,,,,,,,,,,,,,
,,,,,,,,,,,,,,,,,,
,,,,,,,,,,,,,,,,,,
,,,,,,,,,,,,,,,,,,
,,,,,,,,,,,,,,,,,,
,,,,,,,,,,,,,,,,,,
,,,,,,,,,,,,,,,,,,
,,,,,,,,,,,,,,,,,,
,,,,,,,,,,,,,,,,,,
,,,,,,,,,,,,,,,,,,
,,,,,,,,,,,,,,,,,,
,,,,,,,,,,,,,,,,,,
,,,,,,,,,,,,,,,,,,
,,,,,,,,,,,,,,,,,,
,,,,,,,,,,,,,,,,,,
,,,,,,,,,,,,,,,,,,
,,,,,,,,,,,,,,,,,,
,,,,,,,,,,,,,,,,,,
,,,,,,,,,,,,,,,,,,
,,,,,,,,,,,,,,,,,,
,,,,,,,,,,,,,,,,,,
,,,,,,,,,,,,,,,,,,
,,,,,,,,,,,,,,,,,,
,,,,,,,,,,,,,,,,,,
,,,,,,,,,,,,,,,,,,
,,,,,,,,,,,,,,,,,,
,,,,,,,,,,,,,,,,,,
,,,,,,,,,,,,,,,,,,
,,,,,,,,,,,,,,,,,,
,,,,,,,,,,,,,,,,,,
,,,,,,,,,,,,,,,,,,
,,,,,,,,,,,,,,,,,,
,,,,,,,,,,,,,,,,,,
,,,,,,,,,,,,,,,,,,
,,,,,,,,,,,,,,,,,,
,,,,,,,,,,,,,,,,,,
,,,,,,,,,,,,,,,,,,
,,,,,,,,,,,,,,,,,,
,,,,,,,,,,,,,,,,,,
,,,,,,,,,,,,,,,,,,
,,,,,,,,,,,,,,,,,,
,,,,,,,,,,,,,,,,,,
,,,,,,,,,,,,,,,,,,
,,,,,,,,,,,,,,,,,,
,,,,,,,,,,,,,,,,,,
,,,,,,,,,,,,,,,,,,
,,,,,,,,,,,,,,,,,,
,,,,,,,,,,,,,,,,,,
,,,,,,,,,,,,,,,,,,
,,,,,,,,,,,,,,,,,,
,,,,,,,,,,,,,,,,,,
,,,,,,,,,,,,,,,,,,
,,,,,,,,,,,,,,,,,,
,,,,,,,,,,,,,,,,,,
,,,,,,,,,,,,,,,,,,
,,,,,,,,,,,,,,,,,,
,,,,,,,,,,,,,,,,,,
,,,,,,,,,,,,,,,,,,
,,,,,,,,,,,,,,,,,,
,,,,,,,,,,,,,,,,,,
,,,,,,,,,,,,,,,,,,
,,,,,,,,,,,,,,,,,,
,,,,,,,,,,,,,,,,,,
,,,,,,,,,,,,,,,,,,
,,,,,,,,,,,,,,,,,,
,,,,,,,,,,,,,,,,,,
,,,,,,,,,,,,,,,,,,
,,,,,,,,,,,,,,,,,,
,,,,,,,,,,,,,,,,,,
,,,,,,,,,,,,,,,,,,
,,,,,,,,,,,,,,,,,,
,,,,,,,,,,,,,,,,,,
,,,,,,,,,,,,,,,,,,
,,,,,,,,,,,,,,,,,,
,,,,,,,,,,,,,,,,,,
,,,,,,,,,,,,,,,,,,
,,,,,,,,,,,,,,,,,,
,,,,,,,,,,,,,,,,,,
,,,,,,,,,,,,,,,,,,
,,,,,,,,,,,,,,,,,,
,,,,,,,,,,,,,,,,,,
,,,,,,,,,,,,,,,,,,
,,,,,,,,,,,,,,,,,,
,,,,,,,,,,,,,,,,,,
,,,,,,,,,,,,,,,,,,
,,,,,,,,,,,,,,,,,,
,,,,,,,,,,,,,,,,,,
,,,,,,,,,,,,,,,,,,
,,,,,,,,,,,,,,,,,,
,,,,,,,,,,,,,,,,,,
,,,,,,,,,,,,,,,,,,
,,,,,,,,,,,,,,,,,,
,,,,,,,,,,,,,,,,,,
,,,,,,,,,,,,,,,,,,
,,,,,,,,,,,,,,,,,,
,,,,,,,,,,,,,,,,,,
,,,,,,,,,,,,,,,,,,
,,,,,,,,,,,,,,,,,,
,,,,,,,,,,,,,,,,,,
,,,,,,,,,,,,,,,,,,
,,,,,,,,,,,,,,,,,,
,,,,,,,,,,,,,,,,,,
,,,,,,,,,,,,,,,,,,
,,,,,,,,,,,,,,,,,,
,,,,,,,,,,,,,,,,,,
,,,,,,,,,,,,,,,,,,
,,,,,,,,,,,,,,,,,,
,,,,,,,,,,,,,,,,,,
,,,,,,,,,,,,,,,,,,
,,,,,,,,,,,,,,,,,,
,,,,,,,,,,,,,,,,,,
,,,,,,,,,,,,,,,,,,
,,,,,,,,,,,,,,,,,,
,,,,,,,,,,,,,,,,,,
,,,,,,,,,,,,,,,,,,
,,,,,,,,,,,,,,,,,,
,,,,,,,,,,,,,,,,,,
,,,,,,,,,,,,,,,,,,
,,,,,,,,,,,,,,,,,,
,,,,,,,,,,,,,,,,,,
,,,,,,,,,,,,,,,,,,
,,,,,,,,,,,,,,,,,,
,,,,,,,,,,,,,,,,,,
,,,,,,,,,,,,,,,,,,
,,,,,,,,,,,,,,,,,,
,,,,,,,,,,,,,,,,,,
,,,,,,,,,,,,,,,,,,
,,,,,,,,,,,,,,,,,,
31,,,,,,,,,,,,,,,,,,